Matching Gene Name,Matching DNA,Percent Similarity
delectus,TCAAAGTAGTTCCGTAGAGAGTTATGCTGGACCTCCTCAACACATAGAAAAGTTAAGGTCCGTAGAATGCGGAGATGGATTCGGCCCCGATTCGAGCAAATCTATTGACTAAAGTAGCCAATGGGCCATGAGCATGTTCTGCGGGGTGTCAAGCTGTGGCTGATCCTCGCGGTCCCAAATATCACGCCTTCCACCACACGGCTGTAAGCAAGTCCTGGTATCGTATCTGCTTCGCATGGGGGTATTGTAAGCCGGTTATTCCTTGCGGTTACGACCTGCGATATTTGACCCATGTTACTTGGAATCGATGTTAACGAGACACTTCATCATCGAAGTTTGAACACCCGGATATTCACTTCTTAGTTTTGCCCTCACAAATATAGGATCTAATATGAGACCCTCCCTTTGGCGAGAGGTCTGCTTTCTCCCTAGAACAGACACGATGGTTGCAGTGATAACGCGTCTTCGACCAGGGGCGTTTTTAATTGGGAACACGAGTGTGGACATAGTCGCTCTTTGTTGCGAGTCGTTCCGGAAGTATTTCATCTCGAGGCACTGGTTTGGTAGTGGAACATAAACGGGAGGATCTCCAATCGAAAATATAGCTGGCGTTGCAACGTCGCTGGAAAACAAATGCCGAGTGACTATATCGCGCAGCATCCGCCATGCATAAGACACTAGTATGGGATACCAACCATGACAATCCCCGCATTGTGACGCCGGTTCATTTGACTAATTCTGCGTCATTGGGCAACAAGACGTATTCAATCTAGAAGGACGCGAAGTGAGCGGCCCTCCGTTTTACTCGTTGGAGTCAAAGAACATGCTTGCGGACCCCGTAGCGTGTGGACCTACAAGTGCGCGCTCCATGCACGGTGCTTGCGACTACATGGGGATGGGCGTAGCAACGCACACTTCATTATGACCGGGTTACGACTGCAGGCAGTATATATGTCTGTACTCCTTATTGCACCAAGAGAGTACCCGTATATCTTGCGCGTAGAATGTTGGTTACCCATAGAAATTCTACTCTCCCCGTAAAACAACGTAGGGCATCTTCAAGCCTTGTTAGCTTCAACTAAAGTGAGGCTGGTAGGATTTAACAAGTTTCGCTGAAATAGTCACGATGGGAGTCAAATGCGTGTCGTTGTGTCATACCGCCTAATCATGCCTCTTATAGCATAGACATGCTGTGTTACCCACGGATGAGAGTACGAAGATCATCGGGCTTACCG,99.0
alias,CATGGGGGTATTGTAAGCCGGTTATTCCTTGCGGTTACGACCTGCGATATTTGACCCATGTTACTTGGAATCGATGTTAACGAGACACTTCATCATCGAAGTTTGAACACCCGGATATTCACTTCTTAGTTTTGCCCTCACAAATATAGGATCTAATATGAGACCCTCCCTTTGGCGAGAGGTCTGCTTTCTCCCTAGAACAGACACGATGGTTGCAGTGATAACGCGTCTTCGACCAGGGGCGTTTTTAATTGGGAACACGAGTGTGGACATAGTCGCTCTTTGTTGCGAGTCGTTCCGGAAGTATTTCATCTCGAGGCACTGGTTTGGTAGTGGAACATAAACGGGAGGATCTCCAATCGAAAATATAGCTGGCGTTGCAACGTCGCTGGAAAACAAATGCCGAGTGACTATATCGCGCAGCATCCGCCATGCATAAGACACTAGTATGGGATACCAACCATGACAATCCCCGCATTGTGACGCCGGTTCATTTGACT,99.0
rerum,AAATATAGGATCTAATATGAGACCCTCCCTTTGGCGAGAGGTCTGCTTTCTCCCTAGAACAGACACGATGGTTGCAGTGATAACGCGTCTTCGACCAGGGGCGTTTTTAATTGGGAACACGAGTGTGGACATAGTCGCTCTTTGTTGCGAGTCGTTCCGGAAGTATTTCATCTCGAGGCACTGGTTTGGTAGTGGAACATAAACGGGAGGATCTCCAATCGAAAATATAGCTGGCGTTGCAACGTCGCTGGAAAACAAATGCCGAGTGACTATATCGCGCAGCATCCGCCATGCATAAGACACTAGTATGGGATACCAACCATGACAATCCCCGCATTGTGACGCCGGTTCATTTGACTAATTCTGCGTCATTGGGCAACAAGACGTATTCAATCTAGAAGGACGCGAAGTGAGCGGCCCTCCGTTTTACTCGTTGGAGTCAAAGAACATGCTTGCGGACCCCGTAGCGTGTGGACCTACAAGTGCGCGCTCCATGCACGGTGCTTGCGACTACATGGGGATGGGCGTAGCAACGCACACTTCATTATGACCGGGTTACGACTGCAGGCAGTATATATGTCTGTACTCCTTATTGCACCAAGAGAGTACCCGTATATCTTGCGCGTAGAATGTTGGTTACCCATAGAAATTCTACTCTCCCC,99.0
a,TTGGAATCGATGTTAACGAGACACTTCATCATCGAAGTTTGAACACCCGGATATTCACTTCTTAGTTTTGCCCTCACAAATATAGGATCTAATATGAGACCCTCCCTTTGGCGAGAGGTCTGCTTTCTCCCTAGAACAGACACGATGGTTGCAGTGATAACGCGTCTTCGACCAGGGGCGTTTTTAATTGGGAACACGAGTGTGGACATAGTCGCTCTTTGTTGCGAGTCGTTCCGGAAGTATTTCATCTCGAGGCACTGGTTTGGTAGTGGAACATAAACGGGAGGATCTCCAATCGAAAATATAGCTGGCGTTGCAACGTCGCTGGAAAACAAATGCCGAGTGACTATATCGCGCAGCATCCGCCATGCATAAGACACTAGTATGGGATACCAACCATGACAATCCCCGCATTGTGACGCCGGTTCATTTGACTAATTCTGCGTCATTGGGCAACAAGACGTATTCAATCTAGAAGGACGCGAAGTGAGCGGCCCTCCGTTTTACTCGTTGGAGTCAAAGAACATGCTTGCGGACCCCGTAGCGTGTGGACCTACAAGTGCGCGCTCCATGCACGGTGCTTGCGACTACATGGGGATGGGCGTAGCAACGCACACTTCATTATGACCGGGTTACGACTGCAGGCAGTATATATGTCTGTACTCCTTATTGCACCAAGAGAGTACCCGTATATCTTGCGCGTAGAATGTTGGTTACCCATAGAAATTCTACTCTCCCCGTAAAACAACGTAGGGCATCTTCAAGCCTTGTTAGCTTCA,99.0
eaque,ATATCACGCCTTCCACCACACGGCTGTAAGCAAGTCCTGGTATCGTATCTGCTTCGCATGGGGGTATTGTAAGCCGGTTATTCCTTGCGGTTACGACCTGCGATATTTGACCCATGTTACTTGGAATCGATGTTAACGAGACACTTCATCATCGAAGTTTGAACACCCGGATATTCACTTCTTAGTTTTGCCCTCACAAATATAGGATCTAATATGAGACCCTCCCTTTGGCGAGAGGTCTGCTTTCTCCCTAGAACAGACACGATGGTTGCAGTGATAACGCGTCTTCGACCAGGGGCGTTTTTAATTGGGAACACGAGTGTGGACATAGTCGCTCTTTGTTGCGAGTCGTTCCGGAAGTATTTCATCTCGAGGCACTGGTTTGGTAGTGGAACATAAACGGGAGGATCTCCAATCGAAAATATAGCTGGCGTTGCAACGTCGCTGGAAAACAAATGCCGAGTGACTATATCGCGCAGCATCCGCCATGCATAAGACACTAGTATGGGATACCAACCATGACAATCCCCGCATTGTGACGCCGGTTCATTTGACTAATTCTGCGTCATTGGGCAACAAGACGTATTCAATCTAGAAGGACGCGAAGTGAGCGGCCCTCCGTTTTACTCGTTGGAGTCAAAGAACATGCTTGCGGACC,99.0
animi,GCCGGTTATTCCTTGCGGTTACGACCTGCGATATTTGACCCATGTTACTTGGAATCGATGTTAACGAGACACTTCATCATCGAAGTTTGAACACCCGGATATTCACTTCTTAGTTTTGCCCTCACAAATATAGGATCTAATATGAGACCCTCCCTTTGGCGAGAGGTCTGCTTTCTCCCTAGAACAGACACGATGGTTGCAGTGATAACGCGTCTTCGACCAGGGGCGTTTTTAATTGGGAACACGAGTGTGGACATAGTCGCTCTTTGTTGCGAGTCGTTCCGGAAGTATTTCATCTCGAGGCACTGGTTTGGTAGTGGAACATAAACGGGAGGATCTCCAATCGAAAATATAGCTGGCGTTGCAACGTCGCTGGAAAACAAATGCCGAGTGACTATATCGCGCAGCATCCGCCATGCATAAGACACTAGTATGGGATACCAACCATGACAATCCCCGCATTGTGACGCCGGTTCATTTGACTAATTCTGCGTCATTGGGCAACAAGACGTATTCAATCTAGAAGGACGCGAAGTGAGCGGCCCTCCGTTTTACTCGTTGGAGTCAAAGAACATGCTTGCGGACCCCGTAGCGTGTGGACCTACAAGTGCGCGCTCCATGCACGGTGCTTGCGACTACATGGGGATGGGCGTAGCAACGCACACTTCATTATGACCGGGTTACGACTGCAGGCAGTATA,99.0
eveniet,AGCGCATCTATATATCCGCGTCACTAACGTGCGGGGTAAGGGGGGCATACGTCTTAGGTTGAGTACTCCGCCACTACTATAGAAGTTCGCTGTACCATGCTGAGCGGGGAGGCGTGAGGCTCAAAGTAGTTCCGTAGAGAGTTATGCTGGACCTCCTCAACACATAGAAAAGTTAAGGTCCGTAGAATGCGGAGATGGATTCGGCCCCGATTCGAGCAAATCTATTGACTAAAGTAGCCAATGGGCCATGAGCATGTTCTGCGGGGTGTCAAGCTGTGGCTGATCCTCGCGGTCCCAAATATCACGCCTTCCACCACACGGCTGTAAGCAAGTCCTGGTATCGTATCTGCTTCGCATGGGGGTATTGTAAGCCGGTTATTCCTTGCGGTTACGACCTGCGATATTTGACCCATGTTACTTGGAATCGATGTTAACGAGACACTTCATCATCGAAGTTTGAACACCCGGATATTCACTTCTTAGTTTTGCCCTCACAAATATAGGATCTAATATGAGACCCTCCCTTTGGCGAGAGGTCTGCTTTCTCCCTAGAACAGACACGATGGTTGCAGTGATAACGCGTCTTCGACCAGGGGCGTTTTTAATTGGGAACACGAGTGTGGACATAGTCGCTCTTTGTTGCGAGTCGTTCCGGAAGTATTTCATCTCGAGGCACTGGTTTGGTAGTGGAACATAAACGGGAGGATCTCCAATCGAAAATATAGCTGGCGTTGCAACGTCGCTGGAAAACAAATGCCGAGTGACTATATCGCGCAGCATCCGCCATGCATAAGACACTAGTATGGGATACCAACCATGACAATCCCCGCATTGTGACGCCGGTTCATTTGACTAATTCTGCGTCATTGGGCAACAAGACGTATTCAATCTAGAAGGACGCGAAGTGAGCGGCCCTCCGTTTTACTCGTTGGAGTCAAAGAACATGCTTGCGGACCCCGTAGCGTGTGGACCTACAAGTGCGCGCTCCATGCACGGTGCTTGCGACTACATGGGGATGGGCGTAGCAACGCACACTTCATTATGACCGGGTTACGACTGCAGGCAGTATATATGTCTGTACTCCTTATTGCACCAAGAGAGTACCCGTATATCTTGCGCGTAGAATGTTGGTTACCCATAGAAATTCTACTCTCCCCGTAAAACAACGTAGGGCATCTTCAAGCCTTGTTAGCTTCAACTAAAGTGAGGCTGGTAGGATTTAACAAGTTTCGCTGAAATAGTCACGATGGGAGTCAAATGCGTGTCGTTGTGTCATACCGCCTAATCATGCCTCTTATAGCATAGACATGCTGTGTTACCCACGGATGAGAGTACGAAGATCATCGGGCTTACCGATGGTCCGGAAGGAAGGTGCGT,99.0
cumque,GGAGCGCATCTATATATCCGCGTCACTAACGTGCGGGGTAAGGGGGGCATACGTCTTAGGTTGAGTACTCCGCCACTACTATAGAAGTTCGCTGTACCATGCTGAGCGGGGAGGCGTGAGGCTCAAAGTAGTTCCGTAGAGAGTTATGCTGGACCTCCTCAACACATAGAAAAGTTAAGGTCCGTAGAATGCGGAGATGGATTCGGCCCCGATTCGAGCAAATCTATTGACTAAAGTAGCCAATGGGCCATGAGCATGTTCTGCGGGGTGTCAAGCTGTGGCTGATCCTCGCGGTCCCAAATATCACGCCTTCCACCACACGGCTGTAAGCAAGTCCTGGTATCGTATCTGCTTCGCATGGGGGTATTGTAAGCCGGTTATTCCTTGCGGTTACGACCTGCGATATTTGACCCATGTTACTTGGAATCGATGTTAACGAGACACTTCATCATCGAAGTTTGAACACCCGGATATTCACTTCTTAGTTTTGCCCTCACAAATATAGGATCTAATATGAGACCCTCCCTTTGGCGAGAGGTCTGCTTTCTCCCTAGAACAGACACGATGGTTGCAGTGATAACGCGTCTTCGACCAGGGGCGTTTTTAATTGGGAACACGAGTGTGGACATAGTCGCTCTTTGTTGCGAGTCGTTCCGGAAGTATTTCATCTCGAGGCACTGGTTTGGTAGTGGAACATAAACGGGAGGATCTCCAATCGAAAATATAGCTGGCGTTGCAACGTCGCTGGAAAACAAATGCCGAGTGACTATATCGCGCAGCATCCGCCATGCATAAGACACTAGTATGGGATACCAACCATGACAATCCCCGCATTGTGACGCCGGTTCATTTGACTAATTCTGCGTCATTGGGCAACAAGACGTATTCAATCTAGAAGGACGCGAAGT,99.0
molestias,GAGACCCTCCCTTTGGCGAGAGGTCTGCTTTCTCCCTAGAACAGACACGATGGTTGCAGTGATAACGCGTCTTCGACCAGGGGCGTTTTTAATTGGGAACACGAGTGTGGACATAGTCGCTCTTTGTTGCGAGTCGTTCCGGAAGTATTTCATCTCGAGGCACTGGTTTGGTAGTGGAACATAAACGGGAGGATCTCCAATCGAAAATATAGCTGGCGTTGCAACGTCGCTGGAAAACAAATGCCGAGTGACTATATCGCGCAGCATCCGCCATGCATAAGACACTAGTATGGGATACCAACCATGACAATCCCCGCATTGTGACGCCGGTTCATTTGACTAATTCTGCGTCATTGGGCAACAAGACGTATTCAATCTAGAAGGACGCGAAGTGAGCGGCCCTCCGTTTTACTCGTTGGAGTCAAAGAACATGCTTGCGGACCCCGTAGCGTGTGGACCTACAAGTGCGCGCTCCATGCACGGTGCTTGCGACTACATGGGGATGGGCGTAGCAACGCACACTTCATTATGACCGGGTTACGACTGCAGGCAGTATATATGTCTGTACTCCTTATTGCACCAAGAGAGTACCCGTATATCTTGCGCGTAGAATGTTGGTTACCCATAGAAATTCTACTCTCCCCGTAAAACAACGTAGGG,99.0
veniam,GTCTATCATCCGAGGCAGAACGGTCCCCACGGCGTTTAGCGTGTTGCCGGTTCCCCAGGATCTAAGTTATTGGGTCCAAAGACACTGTTAAATTGGCCGCCGGAGCGCATCTATATATCCGCGTCACTAACGTGCGGGGTAAGGGGGGCATACGTCTTAGGTTGAGTACTCCGCCACTACTATAGAAGTTCGCTGTACCATGCTGAGCGGGGAGGCGTGAGGCTCAAAGTAGTTCCGTAGAGAGTTATGCTGGACCTCCTCAACACATAGAAAAGTTAAGGTCCGTAGAATGCGGAGATGGATTCGGCCCCGATTCGAGCAAATCTATTGACTAAAGTAGCCAATGGGCCATGAGCATGTTCTGCGGGGTGTCAAGCTGTGGCTGATCCTCGCGGTCCCAAATATCACGCCTTCCACCACACGGCTGTAAGCAAGTCCTGGTATCGTATCTGCTTCGCATGGGGGTATTGTAAGCCGGTTATTCCTTGCGGTTACGACCTGCGATATTTGACCCATGTTACTTGGAATCGATGTTAACGAGACACTTCATCATCGAAGTTTGAACACCCGGATATTCACTTCTTAGTTTTGCCCTCACAAATATAGGATCTAATATGAGACCCTCCCTTTGGCGAGAGGTCTGCTTTCTCCCTAGAACAGACACGATGGTTGCAGTGATAACGCGTCTTCGACCAGGGGCGTTTTTAATTGGGAACACGAGTGTGGACATAGTCGCTCTTTGTTGCGAGTCGTTCCGGAAGTATTTCATCTCGAGGCACTGGTTTGGTAGTGGAACATAAACGGGAGGATCTCCAATCGAAAATATAGCTGGCGTTGCAACGTCGCTGGAAAACAAATGCCGAGTGACTATATCGCGCAGCATCCGCCATGCATAAGACACTAGTATGGGATACCAACCATGACAATCCCCGCATTGTGACGCCGGTTCATTTGACTAATTCTGCGTCATTGGGCAACAAGACGTATTCAATCTAGAAGGAC,99.0
voluptas,TTGACCCATGTTACTTGGAATCGATGTTAACGAGACACTTCATCATCGAAGTTTGAACACCCGGATATTCACTTCTTAGTTTTGCCCTCACAAATATAGGATCTAATATGAGACCCTCCCTTTGGCGAGAGGTCTGCTTTCTCCCTAGAACAGACACGATGGTTGCAGTGATAACGCGTCTTCGACCAGGGGCGTTTTTAATTGGGAACACGAGTGTGGACATAGTCGCTCTTTGTTGCGAGTCGTTCCGGAAGTATTTCATCTCGAGGCACTGGTTTGGTAGTGGAACATAAACGGGAGGATCTCCAATCGAAAATATAGCTGGCGTTGCAACGTCGCTGGAAAACAAATGCCGAGTGACTATATCGCGCAGCATCCGCCATGCATAAGACACTAGTATGGGATACCAACCATGACAATCCCCGCATTGTGACGCCGGTTCATTTGACTAATTCTGCGTCATTGGGCAACAAGACGTATTCAATCTAGAAGGACGCGAAGTGAGCGGCCCTCCGTTTTACTCGTTGGAGTCAAAGAACATGCTTGCGGACCCCGTAGCGTGTGGACCTACAAGTGCGCGCTCCATGCACGGTGCTTGCGACTACATGGGGATGGGCGTAGCAACGCACACTTCATTATGAC,99.0
quas,ACTACTATAGAAGTTCGCTGTACCATGCTGAGCGGGGAGGCGTGAGGCTCAAAGTAGTTCCGTAGAGAGTTATGCTGGACCTCCTCAACACATAGAAAAGTTAAGGTCCGTAGAATGCGGAGATGGATTCGGCCCCGATTCGAGCAAATCTATTGACTAAAGTAGCCAATGGGCCATGAGCATGTTCTGCGGGGTGTCAAGCTGTGGCTGATCCTCGCGGTCCCAAATATCACGCCTTCCACCACACGGCTGTAAGCAAGTCCTGGTATCGTATCTGCTTCGCATGGGGGTATTGTAAGCCGGTTATTCCTTGCGGTTACGACCTGCGATATTTGACCCATGTTACTTGGAATCGATGTTAACGAGACACTTCATCATCGAAGTTTGAACACCCGGATATTCACTTCTTAGTTTTGCCCTCACAAATATAGGATCTAATATGAGACCCTCCCTTTGGCGAGAGGTCTGCTTTCTCCCTAGAACAGACACGATGGTTGCAGTGATAACGCGTCTTCGACCAGGGGCGTTTTTAATTGGGAACACGAGTGTGGACATAGTCGCTCTTTGTTGCGAGTCGTTCCGGAAGTATTTCATCTCGAGGCACTGGTTTGGTAGTGGAACATAAACGGGAGGATCTCCAATCGAAAATATAGCTGGCGTTGCAACGTCGCTGGAAAACAAATGCCGAGTGACTATATCGCGCAGCATCCGCCATGCATAAGACACTAGTATGGGATACCAACCATGACAATCCCCGCATTGTGACGCCGGTTCATTTGACTAATTCTGC,99.0
provident,TTTAGCGTGTTGCCGGTTCCCCAGGATCTAAGTTATTGGGTCCAAAGACACTGTTAAATTGGCCGCCGGAGCGCATCTATATATCCGCGTCACTAACGTGCGGGGTAAGGGGGGCATACGTCTTAGGTTGAGTACTCCGCCACTACTATAGAAGTTCGCTGTACCATGCTGAGCGGGGAGGCGTGAGGCTCAAAGTAGTTCCGTAGAGAGTTATGCTGGACCTCCTCAACACATAGAAAAGTTAAGGTCCGTAGAATGCGGAGATGGATTCGGCCCCGATTCGAGCAAATCTATTGACTAAAGTAGCCAATGGGCCATGAGCATGTTCTGCGGGGTGTCAAGCTGTGGCTGATCCTCGCGGTCCCAAATATCACGCCTTCCACCACACGGCTGTAAGCAAGTCCTGGTATCGTATCTGCTTCGCATGGGGGTATTGTAAGCCGGTTATTCCTTGCGGTTACGACCTGCGATATTTGACCCATGTTACTTGGAATCGATGTTAACGAGACACTTCATCATCGAAGTTTGAACACCCGGATATTCACTTCTTAGTTTTGCCCTCACAAATATAGGATCTAATATGAGACCCTCCCTTTGGCGAGAGGTCTGCTTTCTCCCTAGAACAGACACGATGGTTGCAGTGATAACGCGTCTTCGACCAGGGGCGTTTTTAATTGGGAACACGAGTGTGGACATAGTCGCTCTTTGTTGCGAGTCGTTCCGGAAGTATTTCATCTCGAGGCACTGGTTTGGTAGTGGAACATAAACGGGAGGATCTCCAATCGAAAATATAGCTGGCGTTGCAACGTCGCTGGAAAACAAATGCCGAGTGACTATATCGCGCAGCATCCGCCATGCATAAGACACTAGTATGGGATACCAACCATGACAATCCCCGCATTGTGACGCCGGTTCATTTGACTAATTCTGCGTCATTGGGCAACAAGACGTATTCAATCTAGAAGGACGCGAAGTGAGCGGCCCTCCGTTTTACTCGTTGGAGTCAAAGAACATGCTTGCGGACC,99.0
asperiores,GGCCCCGATTCGAGCAAATCTATTGACTAAAGTAGCCAATGGGCCATGAGCATGTTCTGCGGGGTGTCAAGCTGTGGCTGATCCTCGCGGTCCCAAATATCACGCCTTCCACCACACGGCTGTAAGCAAGTCCTGGTATCGTATCTGCTTCGCATGGGGGTATTGTAAGCCGGTTATTCCTTGCGGTTACGACCTGCGATATTTGACCCATGTTACTTGGAATCGATGTTAACGAGACACTTCATCATCGAAGTTTGAACACCCGGATATTCACTTCTTAGTTTTGCCCTCACAAATATAGGATCTAATATGAGACCCTCCCTTTGGCGAGAGGTCTGCTTTCTCCCTAGAACAGACACGATGGTTGCAGTGATAACGCGTCTTCGACCAGGGGCGTTTTTAATTGGGAACACGAGTGTGGACATAGTCGCTCTTTGTTGCGAGTCGTTCCGGAAGTATTTCATCTCGAGGCACTGGTTTGGTAGTGGAACATAAACGGGAGGATCTCCAATCGAAAATATAGCTGGCGTTGCAACGTCGCTGGAAAACAAATGCCGAGTGACTATATCGCGCAGCATCCGCCATGCATAAGACACTAGTATGGGATACCAACCATGACAATCCCCGCATTGTGACGCCGGTTCATTTGACTAATTCTGCGTCATTGGGCAACAAGACGTATTCAATCTAGAAGGACGCGAAGTGAGCGGCCCTCCGTTTTACTCGTTGGAGTCAAAGAACATGCTTGCGGACCCCGTAGCGTGTGGACCTACAAGTGCGCGCTCCATGCACGGTGCTTGCGACTACATGGGGATGGGCGTAGCAACGCACACTTCATTATGACCGGGTTACGACTGCAGGCAGTATATATGTCTGTACTCCTTATTGCACCAAGAGAGTACCCGTATATCTTGCGCGTAGAATGTTGGTTACCCATAGAAATTCTACTCTCCCCGTAAAACAACGTAGGGCAT,99.0
voluptates,CTTTCTCCCTAGAACAGACACGATGGTTGCAGTGATAACGCGTCTTCGACCAGGGGCGTTTTTAATTGGGAACACGAGTGTGGACATAGTCGCTCTTTGTTGCGAGTCGTTCCGGAAGTATTTCATCTCGAGGCACTGGTTTGGTAGTGGAACATAAACGGGAGGATCTCCAATCGAAAATATAGCTGGCGTTGCAACGTCGCTGGAAAACAAATGCCGAGTGACTATATCGCGCAGCATCCGCCATGCATAAGACACTAGTATGGGATACCAACCATGACAATCCCCGCATTGTGACGCCGGTTCATTTGACTAATTCTGCGTCATTGGGCAACAAGACGTATTCAATCTAGAAGGACGCGAAGTGAGCGGCCCTCCGTTTTACTCGTTGGAGTCAAAGAACATGCTTGCGGACCCCGTAGCGTGTGGACCTACAAGTGCGCGCTCCATGCACGGTGCTTGCGACTACATGGGGATGGGCGTAGCAACGCACACTTCATTATGACCGGGTTACGACTGCAGGCAGTATATATGTCTGTACTCCTTATTGCACCAAGAGAGTACCCGTATATCTTGCGCGTAGAATGTTGGTTACCCATAGAAATTCTACTCTCCCCGTAAAACAACGTAGGGCATCTTCAAGCCTTGTTAGCTTCAACTAAAGTGAGGCTGGTAGGATTTAACAAGTTTCGCTGAAATAGTCACGATGGGAGTCAAATGCGTGTCGTTGTGTCATACCGCCT,99.0
est,TGTACCATGCTGAGCGGGGAGGCGTGAGGCTCAAAGTAGTTCCGTAGAGAGTTATGCTGGACCTCCTCAACACATAGAAAAGTTAAGGTCCGTAGAATGCGGAGATGGATTCGGCCCCGATTCGAGCAAATCTATTGACTAAAGTAGCCAATGGGCCATGAGCATGTTCTGCGGGGTGTCAAGCTGTGGCTGATCCTCGCGGTCCCAAATATCACGCCTTCCACCACACGGCTGTAAGCAAGTCCTGGTATCGTATCTGCTTCGCATGGGGGTATTGTAAGCCGGTTATTCCTTGCGGTTACGACCTGCGATATTTGACCCATGTTACTTGGAATCGATGTTAACGAGACACTTCATCATCGAAGTTTGAACACCCGGATATTCACTTCTTAGTTTTGCCCTCACAAATATAGGATCTAATATGAGACCCTCCCTTTGGCGAGAGGTCTGCTTTCTCCCTAGAACAGACACGATGGTTGCAGTGATAACGCGTCTTCGACCAGGGGCGTTTTTAATTGGGAACACGAGTGTGGACATAGTCGCTCTTTGTTGCGAGTCGTTCCGGAAGTATTTCATCTCGAGGCACTGGTTTGGTAGTGGAACATAAA,99.0
ullam,TACTCCGCCACTACTATAGAAGTTCGCTGTACCATGCTGAGCGGGGAGGCGTGAGGCTCAAAGTAGTTCCGTAGAGAGTTATGCTGGACCTCCTCAACACATAGAAAAGTTAAGGTCCGTAGAATGCGGAGATGGATTCGGCCCCGATTCGAGCAAATCTATTGACTAAAGTAGCCAATGGGCCATGAGCATGTTCTGCGGGGTGTCAAGCTGTGGCTGATCCTCGCGGTCCCAAATATCACGCCTTCCACCACACGGCTGTAAGCAAGTCCTGGTATCGTATCTGCTTCGCATGGGGGTATTGTAAGCCGGTTATTCCTTGCGGTTACGACCTGCGATATTTGACCCATGTTACTTGGAATCGATGTTAACGAGACACTTCATCATCGAAGTTTGAACACCCGGATATTCACTTCTTAGTTTTGCCCTCACAAATATAGGATCTAATATGAGACCCTCCCTTTGGCGAGAGGTCTGCTTTCTCCCTAGAACAGACACGATGGTTGCAGTGATAACGCGTCTTCGACCAGGGGCGTTTTTAATTGGGAACACGAGTGTGGACATAGTCGCTCTTTGTTGCGAGTCGTTCCGGAAGTATTTCATCTCGAGGCACTGGTTTGGTAGTGGAACATAAACGGGAGGATCTCCAATCGAAAATATAGCTGGCGTTGCAACGTCGCTGGAAAACAAATGCCGAGTGACTATATCGCGCAGCATCCGCCATGCATAAGACACTAGTATGGGATACCAACCATGACAATCCCCGCATTGTGACGCCGGTTCATTTGACTAATTCTGCGTCATTGGGCAACAAGACGTATTCAATCTAGAAGGACGCGAAGTGAGCGGCCCTCCGTTTTACTCGTTGGAGTCAAAGAACATGCTTGCGGACCCCGTAGCGTGTGGACCTACAAGTGCGCGCTCCATGCACGGTGCTTGCGACTACATGGGGATGGGCGTAGCAACGCACACTTCATTATGACCGGGTTACGACTGCAGGCAGTATATATGTCTGTACTCCTTATTGCACCAAGA,99.0
eos,TGCGGGGTAAGGGGGGCATACGTCTTAGGTTGAGTACTCCGCCACTACTATAGAAGTTCGCTGTACCATGCTGAGCGGGGAGGCGTGAGGCTCAAAGTAGTTCCGTAGAGAGTTATGCTGGACCTCCTCAACACATAGAAAAGTTAAGGTCCGTAGAATGCGGAGATGGATTCGGCCCCGATTCGAGCAAATCTATTGACTAAAGTAGCCAATGGGCCATGAGCATGTTCTGCGGGGTGTCAAGCTGTGGCTGATCCTCGCGGTCCCAAATATCACGCCTTCCACCACACGGCTGTAAGCAAGTCCTGGTATCGTATCTGCTTCGCATGGGGGTATTGTAAGCCGGTTATTCCTTGCGGTTACGACCTGCGATATTTGACCCATGTTACTTGGAATCGATGTTAACGAGACACTTCATCATCGAAGTTTGAACACCCGGATATTCACTTCTTAGTTTTGCCCTCACAAATATAGGATCTAATATGAGACCCTCCCTTTGGCGAGAGGTCTGCTTTCTCCCTAGAACAGACACGATGGTTGCAGTGATAACGCGTCTTCGACCAGGGGCGTTTTTAATTGGGAACACGAGTGTGGACATAGTCGCTCTTTGTTGCGAGTCGTTCCGGAAGTATTTCATCTCGAGGCACTGGTTTGGTAGTGGAACATAAACGGGAGGATCTCCAATCGAAAATATAGCTGGCGTTGCAACGTCGCTGGAAAACAAATGCCGAGTGACTATATCGCGCAGCATCCGCCATGCATAAGACACTAGTATGGGATACCAACCATGACAATCCCCGCATTGTGACGCCGGTTCATTTGACTAATTCTGCGTCATTGGGCAACAAGACGTATTCAATCTAGAAGGACGCGAAGTGAGCGGCCCTCCGTTTTACTCGTTGGAGTCAAAGAACATGCTTGCGGACCCCGTAGCGTGTGGACCTACAAGTGCGCGCTCCATGCACGGTGCTTGCGACTACATGGGGATGGGCGTAGCAACGCACACT,99.0
eaque,TAAAGTAGCCAATGGGCCATGAGCATGTTCTGCGGGGTGTCAAGCTGTGGCTGATCCTCGCGGTCCCAAATATCACGCCTTCCACCACACGGCTGTAAGCAAGTCCTGGTATCGTATCTGCTTCGCATGGGGGTATTGTAAGCCGGTTATTCCTTGCGGTTACGACCTGCGATATTTGACCCATGTTACTTGGAATCGATGTTAACGAGACACTTCATCATCGAAGTTTGAACACCCGGATATTCACTTCTTAGTTTTGCCCTCACAAATATAGGATCTAATATGAGACCCTCCCTTTGGCGAGAGGTCTGCTTTCTCCCTAGAACAGACACGATGGTTGCAGTGATAACGCGTCTTCGACCAGGGGCGTTTTTAATTGGGAACACGAGTGTGGACATAGTCGCTCTTTGTTGCGAGTCGTTCCGGAAGTATTTCATCTCGAGGCACTGGTTTGGTAGTGGAACATAAACGGGAGGATCTCCAATCGAAAATATAGCTGGCGTTGCAACGTCGCTGGAAAACAAATGCCGAGTGACTATATCGCGCAGCATCCGCCATGCATAAGACACTAGTATGGGATACCAACCATGACAATCCCCGCATTGTGACGCCGGTTCATTTGACTAATTCTGCGTCATTGGGCAACAAGACGTATTCAATCTAGAAGGACGCGAAGTGAGCGGCCCTCCGTTTTACTCGTTGGAGTCAAAGAACATGCTTGCGGACCCCGTAGCGTGTGGACCTACAAGTGCGCGCTCCATGCACGGTGCTTGCGACTACATGGGGATGGGCGTAGCAACGCACACTTCATTATGACCGGGTTACGACTGCAGGC,99.0
dolores,TTGACCCATGTTACTTGGAATCGATGTTAACGAGACACTTCATCATCGAAGTTTGAACACCCGGATATTCACTTCTTAGTTTTGCCCTCACAAATATAGGATCTAATATGAGACCCTCCCTTTGGCGAGAGGTCTGCTTTCTCCCTAGAACAGACACGATGGTTGCAGTGATAACGCGTCTTCGACCAGGGGCGTTTTTAATTGGGAACACGAGTGTGGACATAGTCGCTCTTTGTTGCGAGTCGTTCCGGAAGTATTTCATCTCGAGGCACTGGTTTGGTAGTGGAACATAAACGGGAGGATCTCCAATCGAAAATATAGCTGGCGTTGCAACGTCGCTGGAAAACAAATGCCGAGTGACTATATCGCGCAGCA,99.0
corrupti,ACACGGCTGTAAGCAAGTCCTGGTATCGTATCTGCTTCGCATGGGGGTATTGTAAGCCGGTTATTCCTTGCGGTTACGACCTGCGATATTTGACCCATGTTACTTGGAATCGATGTTAACGAGACACTTCATCATCGAAGTTTGAACACCCGGATATTCACTTCTTAGTTTTGCCCTCACAAATATAGGATCTAATATGAGACCCTCCCTTTGGCGAGAGGTCTGCTTTCTCCCTAGAACAGACACGATGGTTGCAGTGATAACGCGTCTTCGACCAGGGGCGTTTTTAATTGGGAACACGAGTGTGGACATAGTCGCTCTTTGTTGCGAGTCGTTCCGGAAGTATTTCATCTCGAGGCACTGGTTTGGTAGTGGAACATAAACGGGAGGATCTCCAATCGAAAATATAGCTGGCGTTGCAACGTCGCTGGAAAACAAATGCCGAGTGACTATATCGCGCAGCATCCGCCATGCATAAGACACTAGTATGGGATACCAACCATGACAATCCCCGCATTGTGACGCCGGTTCATTTGACTAATTCTGCGTCATTGGGCAACAAGACGTATTCAATCTAGAAGGACGCGAAGTGAGCGGCCCTCCGTTTTACTCGTTGGAGTCAAAGAACATGCTTGCGGACCCCGTAGCGTGTGGACCTACAAGTGCGCGCTCCATGCACGGTGCTTGCGACTACATGGGGATGGGCGTAGCAACGCACACTTCATTATGACCGGGTTACGACTGCAGGCAGTATATATGTCTGTACTCCTT,99.0
voluptatum,ACCTCCTCAACACATAGAAAAGTTAAGGTCCGTAGAATGCGGAGATGGATTCGGCCCCGATTCGAGCAAATCTATTGACTAAAGTAGCCAATGGGCCATGAGCATGTTCTGCGGGGTGTCAAGCTGTGGCTGATCCTCGCGGTCCCAAATATCACGCCTTCCACCACACGGCTGTAAGCAAGTCCTGGTATCGTATCTGCTTCGCATGGGGGTATTGTAAGCCGGTTATTCCTTGCGGTTACGACCTGCGATATTTGACCCATGTTACTTGGAATCGATGTTAACGAGACACTTCATCATCGAAGTTTGAACACCCGGATATTCACTTCTTAGTTTTGCCCTCACAAATATAGGATCTAATATGAGACCCTCCCTTTGGCGAGAGGTCTGCTTTCTCCCTAGAACAGACACGATGGTTGCAGTGATAACGCGTCTTCGACCAGGGGCGTTTTTAATTGGGAACACGAGTGTGGACATAGTCGCTCTTTGTTGCGAGTCGTTCCGGAAGTATTTCATCTCGAGGCACTGGTTTGGTAGTGGAACATAAACGGGAGGATCTCCAATCGAAAATATAGCTGGCGTTGCAACGTCGCTGGAAAACAAATGCCGAGTGACTATATCGCGCAGCATCCGCCATGCATAAGACACTAGTATGGGATACCAACCATGACAATC,99.0
blanditiis,TGCTTTCTCCCTAGAACAGACACGATGGTTGCAGTGATAACGCGTCTTCGACCAGGGGCGTTTTTAATTGGGAACACGAGTGTGGACATAGTCGCTCTTTGTTGCGAGTCGTTCCGGAAGTATTTCATCTCGAGGCACTGGTTTGGTAGTGGAACATAAACGGGAGGATCTCCAATCGAAAATATAGCTGGCGTTGCAACGTCGCTGGAAAACAAATGCCGAGTGACTATATCGCGCAGCATCCGCCATGCATAAGACACTAGTATGGGATACCAACCATGACAATCCCCGCATTGTGACGCCGGTTCATTTGACTAATTCTGCGTCATTGGGC,99.0
quo,GTCTGCTTTCTCCCTAGAACAGACACGATGGTTGCAGTGATAACGCGTCTTCGACCAGGGGCGTTTTTAATTGGGAACACGAGTGTGGACATAGTCGCTCTTTGTTGCGAGTCGTTCCGGAAGTATTTCATCTCGAGGCACTGGTTTGGTAGTGGAACATAAACGGGAGGATCTCCAATCGAAAATATAGCTGGCGTTGCAACGTCGCTGGAAAACAAATGCCGAGTGACTATATCGCGCAGCATCCGCCATGCATAAGACACTAGTATGGGATACCAACCATGACAATCCCCGCATTGTGACGCCGGTTCATTTGACTAATTCTGCGTCATTGGGCAACAAGACGTATTCAATCTAGAAGGACGCGAAGTGAGCGGCCCTCCGTTTTACTCGTTGGAGTCAAAGAACATGCTTGCGGACCCCGTAGCGTGTGGACCTACAAGTGCGCGCTCCATGCACGGTGCTTGCGACTACATGGGGATGGGCGTAGCAACGCACACTTCATTATGACCGGGTTACGACTGCAGGCAGTATATATGTCTGTACTCCTTATTGCACCAAGAGAGTACCCGTATATCTTGCGCGTAGAATGTTGGTTACCCATAGAAATTCTACTCTCCCCGTAAAACAACGTAGGGCATCTTCAAGCCTTGTTAGCTTCAACTAAAGTGAGGCTGGTAGGATTTAACAAGTTTCGCTGAAATAGTCA,99.0
aut,CACAAATATAGGATCTAATATGAGACCCTCCCTTTGGCGAGAGGTCTGCTTTCTCCCTAGAACAGACACGATGGTTGCAGTGATAACGCGTCTTCGACCAGGGGCGTTTTTAATTGGGAACACGAGTGTGGACATAGTCGCTCTTTGTTGCGAGTCGTTCCGGAAGTATTTCATCTCGAGGCACTGGTTTGGTAGTGGAACATAAACGGGAGGATCTCCAATCGAAAATATAGCTGGCGTTGCAACGTCGCTGGAAAACAAATGCCGAGTGACTATATCGCGCAGCATCCGCCATGCATAAGACACTAGTATGGGATACCAACCATGACAATCCCCGCATTGTGACGCCGGTTCATTTGACTAATTCTGCGTCATTGGGCAACAAGACGTATTCAATCTAGAAGGACGCGAAGTGAGCGGCCCTCCGTTTTACTCGTTGGAGTCAAAGAACATGCTTGCGGACCCCGTAGCGTGTGGACCTACAAGTGCGCGCTCCATGCACGGTGCTTGCGACTACATGGGGATGGGCGTAGCAACGCACACTTCATTATGACCGGGTTACGACTGCAGGCAGTATATATGTCTGTACTCCTTATTGCACCAAGAGAGTACCCGTATATCTTGCGCGTAGAATGTTGGTTACCCATAGAAATTCTACTCTCCCCGTAAAACAACGTAGGGCATCTTCAAGCCTTGTTAGCTTCAACTAAAGTGAGGCTGGTAGGATTTAACAAGTTTCGCTGAAATAGTCACGATGGGAGTCAAATGCGTGTCGTTGTGTCATACCGCCTAATCATGCCTCTTATAGCATAGACATGCTGTGTTACCCACGGATGAGAGTACGAAGATCATCGGGCTTACCGATGGTCCGGAAGGA,99.0
modi,TAGAATGCGGAGATGGATTCGGCCCCGATTCGAGCAAATCTATTGACTAAAGTAGCCAATGGGCCATGAGCATGTTCTGCGGGGTGTCAAGCTGTGGCTGATCCTCGCGGTCCCAAATATCACGCCTTCCACCACACGGCTGTAAGCAAGTCCTGGTATCGTATCTGCTTCGCATGGGGGTATTGTAAGCCGGTTATTCCTTGCGGTTACGACCTGCGATATTTGACCCATGTTACTTGGAATCGATGTTAACGAGACACTTCATCATCGAAGTTTGAACACCCGGATATTCACTTCTTAGTTTTGCCCTCACAAATATAGGATCTAATATGAGACCCTCCCTTTGGCGAGAGGTCTGCTTTCTCCCTAGAACAGACACGATGGTTGCAGTGATAACGCGTCTTCGACCAGGGGCGTTTTTAATTGGGAACACGAGTGTGGACATAGTCGCTCTTTGTTGCGAGTCGTTCCGGAAGTATTTCATCTCGAGGCACTGGTTTGGTAGTGGAACATAAACGGGAGGATCTCCAATCGAAAATATAGCTGGCGTTGCAACGTCGCTGGAAAACAAATGCCGAGTGACTATATCGCGCAGCATCCGCCATGCATAAGACACTAGTATGGGATACCAACCATGACAATCCCCGCATTGTGACGCCGGTTCATTTGACTAATTCTGCGTCATTGGGCAACAAGACGTATTCAATCTAGAAGGACGCGAAGTGAGCGGCCCTCCGTTTTACTCGTTGGAGTCAAAGAACATGCTTGCGGACCCCGTAGCGTGTGGACCTACAAGTGCGCGCTCCATGCACGGTGCTTGCGACTACATGGGGATGGGCGTAGCAACGCACACTTCATTATGACCGGGTTACGACTGCAGGCAGTATATATGTCTGTACTCCTTATTGCACCAAGAGAGTACCCGTATATCTTGCGCGTAGAATG,99.0
possimus,CGCCGGAGCGCATCTATATATCCGCGTCACTAACGTGCGGGGTAAGGGGGGCATACGTCTTAGGTTGAGTACTCCGCCACTACTATAGAAGTTCGCTGTACCATGCTGAGCGGGGAGGCGTGAGGCTCAAAGTAGTTCCGTAGAGAGTTATGCTGGACCTCCTCAACACATAGAAAAGTTAAGGTCCGTAGAATGCGGAGATGGATTCGGCCCCGATTCGAGCAAATCTATTGACTAAAGTAGCCAATGGGCCATGAGCATGTTCTGCGGGGTGTCAAGCTGTGGCTGATCCTCGCGGTCCCAAATATCACGCCTTCCACCACACGGCTGTAAGCAAGTCCTGGTATCGTATCTGCTTCGCATGGGGGTATTGTAAGCCGGTTATTCCTTGCGGTTACGACCTGCGATATTTGACCCATGTTACTTGGAATCGATGTTAACGAGACACTTCATCATCGAAGTTTGAACACCCGGATATTCACTTCTTAGTTTTGCCCTCACAAATATAGGATCTAATATGAGACCCTCCCTTTGGCGAGAGGTCTGCTTTCTCCCTAGAACAGACACGATGGTTGCAGTGATAACGCGTCTTCGACCAGGGGCGTTTTTAATTGGGAACACGAGTGTGGACATAGTCGCTCTTTGTTGCGAGTCGTTCCGGAAGTATTTCATCTCGAGGCACTGGTTTGGTAGTGGAACATAAACGGGAGGATCTCCAATCGAAAATATAGCTGGCGTTGCAACGTCGCTGGAAAACAAATGCCGAGTGACTATATCGCGCAGCATCCGCCATGCATAAGACACTAGTATGGGATACCAACCATGACAATCCCCGCATTGTGACGCCGGTTCATTTGACTAATTCTGCGTCATTGGGCAACAAGACGTATTCAATCTAGAAGGACGCGAAGTGAGCGGCCCTCCGTTTTACTCGTTGGAGTCAAAGAACATGCTTGCGGACCCCGTAGCGTGTGGACCTACAAGTGCGCGCTCCATGCACGGTGCTTGCGACTACATGGGGATGGGCGTAGCAACGCACACTTCATTATGACCGGGTTACGACTGCAGGCAGTATATATGTCTGTACTCCTTATTGCACCAAGAGAGTACCCGTATATCTTGCGCGTAGAATGTTGGTTACCCATAGAAATTCTACTCTCCCCGTAAAACAACGTAGGGCATCTTCAAGCCTTGTTAGCTTCAACTAAAGTGAGGCTGGTAGGATTTAACAAGTTTCGCTGAAATAGTCACGATGGGAGTCAAATGCG,99.0
porro,GCCACTACTATAGAAGTTCGCTGTACCATGCTGAGCGGGGAGGCGTGAGGCTCAAAGTAGTTCCGTAGAGAGTTATGCTGGACCTCCTCAACACATAGAAAAGTTAAGGTCCGTAGAATGCGGAGATGGATTCGGCCCCGATTCGAGCAAATCTATTGACTAAAGTAGCCAATGGGCCATGAGCATGTTCTGCGGGGTGTCAAGCTGTGGCTGATCCTCGCGGTCCCAAATATCACGCCTTCCACCACACGGCTGTAAGCAAGTCCTGGTATCGTATCTGCTTCGCATGGGGGTATTGTAAGCCGGTTATTCCTTGCGGTTACGACCTGCGATATTTGACCCATGTTACTTGGAATCGATGTTAACGAGACACTTCATCATCGAAGTTTGAACACCCGGATATTCACTTCTTAGTTTTGCCCTCACAAATATAGGATCTAATATGAGACCCTCCCTTTGGCGAGAGGTCTGCTTTCTCCCTAGAACAGACACGATGGTTGCAGTGATAACGCGTCTTCGACCAGGGGCGTTTTTAATTGGGAACACGAGTGTGGACATAGTCGCTCTTTGTTGCGAGTCGTTCCGGAAGTATTTCATCTCGAGGCACTGGTTTGGTAGTGGAACATAAACGGGAGGATCTCCAATCGAAAATATAGCTGGCGTTGCAACGTCGCTGGAAAACAAATGCCGAGTGACTATATCGCGCAGCATCCGCCATGCATAAGACACTAGTATGGGATACCAACCATGACAATCCCCGCATTGTGACGCCGGTTCATTTGACTAATTCTGCGTCATTGGGCAACAAGACGTATTCAATCTAGAAG,99.0
ut,AAGTTAAGGTCCGTAGAATGCGGAGATGGATTCGGCCCCGATTCGAGCAAATCTATTGACTAAAGTAGCCAATGGGCCATGAGCATGTTCTGCGGGGTGTCAAGCTGTGGCTGATCCTCGCGGTCCCAAATATCACGCCTTCCACCACACGGCTGTAAGCAAGTCCTGGTATCGTATCTGCTTCGCATGGGGGTATTGTAAGCCGGTTATTCCTTGCGGTTACGACCTGCGATATTTGACCCATGTTACTTGGAATCGATGTTAACGAGACACTTCATCATCGAAGTTTGAACACCCGGATATTCACTTCTTAGTTTTGCCCTCACAAATATAGGATCTAATATGAGACCCTCCCTTTGGCGAGAGGTCTGCTTTCTCCCTAGAACAGACACGATGGTTGCAGTGATAACGCGTCTTCGACCAGGGGCGTTTTTAATTGGGAACACGAGTGTGGACATAGTCGCTCTTTGTTGCGAGTCGTTCCGGAAGTATTTCATCTCGAGGCACTGGTTTGGTAGTGGAACATAAACGGGAGGATCTCCAATCGAAAATATAGCTGGCGTTGCAACGTCGCTGGAAAACAAATGCCGAGTGACTATATCGCGCAGCATCCGCCATGCATAAGACACTAGTATGGGATACCAACCATGACAATCCCCGCATTGTGACGCCGGTTCATTTGACTAATTCTGCGTCATTGGGCAACAAGACGTATTCAATCTAG,99.0
dolor,ACCTCCTCAACACATAGAAAAGTTAAGGTCCGTAGAATGCGGAGATGGATTCGGCCCCGATTCGAGCAAATCTATTGACTAAAGTAGCCAATGGGCCATGAGCATGTTCTGCGGGGTGTCAAGCTGTGGCTGATCCTCGCGGTCCCAAATATCACGCCTTCCACCACACGGCTGTAAGCAAGTCCTGGTATCGTATCTGCTTCGCATGGGGGTATTGTAAGCCGGTTATTCCTTGCGGTTACGACCTGCGATATTTGACCCATGTTACTTGGAATCGATGTTAACGAGACACTTCATCATCGAAGTTTGAACACCCGGATATTCACTTCTTAGTTTTGCCCTCACAAATATAGGATCTAATATGAGACCCTCCCTTTGGCGAGAGGTCTGCTTTCTCCCTAGAACAGACACGATGGTTGCAGTGATAACGCGTCTTCGACCAGGGGCGTTTTTAATTGGGAACACGAGTGTGGACATAGTCGCTCTTTGTTGCGAGTCGTTCCGGAAGTATTTCATCTCGAGGCACTGGTTTGGTAGTGGAACATAAACGGGAGGATCTCCAATCGAAAATATAGCTGGCGTTGCAACGTCGCTGGAAAACAAATGCCGAGTGACTATATCGCGCAGCATCCGCCATGCATAAGACACTAGTATGGGATACCAACCATGACAATCCCCGCATTGTGACGCCGGTTCATTTGACTAATTCTGCGTCATTGGGCAACAAGACGTATTCAATCTAGAAGGACGCGAAGTGAGCGGCCCTCCGTTTTACTCGTTGGAGTCAAAGAACATGCTTGCGGACCCCGTAGCGTGTGGACCTACAAGTGCGCGCTCCATGCACGGTGCTTGCGACTACATGGGGATGGGCGTAGCAACGCACACTTCATTATGACCGGGTTACGACTGCAGGCAGTATATATGTCTGTACTCCTTATTGCACCAAGAGAGTACCCGTATATCTTGCGCGTAGAATGTTGGTTACCCATAGAAATTCTACTCTCCCCGTAAAACAACGTAGGGCATCTTCAAGCCTTGTTAGCTTCAACTAAAGTGAGGCTGGTAGGATTTAACAAGTTTCGCTGAAATAGTCA,99.0
perferendis,ATCGAAGTTTGAACACCCGGATATTCACTTCTTAGTTTTGCCCTCACAAATATAGGATCTAATATGAGACCCTCCCTTTGGCGAGAGGTCTGCTTTCTCCCTAGAACAGACACGATGGTTGCAGTGATAACGCGTCTTCGACCAGGGGCGTTTTTAATTGGGAACACGAGTGTGGACATAGTCGCTCTTTGTTGCGAGTCGTTCCGGAAGTATTTCATCTCGAGGCACTGGTTTGGTAGTGGAACATAAACGGGAGGATCTCCAATCGAAAATATAGCTGGCGTTGCAACGTCGCTGGAAAACAAATGCCGAGTGACTATATCGCGCAGCATCCGCCATGCATAAGACACTAGTATGGGATACCAACCATGACAATCCCCG,99.0
est,CTCCGCCACTACTATAGAAGTTCGCTGTACCATGCTGAGCGGGGAGGCGTGAGGCTCAAAGTAGTTCCGTAGAGAGTTATGCTGGACCTCCTCAACACATAGAAAAGTTAAGGTCCGTAGAATGCGGAGATGGATTCGGCCCCGATTCGAGCAAATCTATTGACTAAAGTAGCCAATGGGCCATGAGCATGTTCTGCGGGGTGTCAAGCTGTGGCTGATCCTCGCGGTCCCAAATATCACGCCTTCCACCACACGGCTGTAAGCAAGTCCTGGTATCGTATCTGCTTCGCATGGGGGTATTGTAAGCCGGTTATTCCTTGCGGTTACGACCTGCGATATTTGACCCATGTTACTTGGAATCGATGTTAACGAGACACTTCATCATCGAAGTTTGAACACCCGGATATTCACTTCTTAGTTTTGCCCTCACAAATATAGGATCTAATATGAGACCCTCCCTTTGGCGAGAGGTCTGCTTTCTCCCTAGAACAGACACGATGGTTGCAGTGATAACGCGTCTTCGACCAGGGGCGTTTTTAATTGGGAACACGAGTGTGGACATAGTCGCTCTTTGTTGCGAGTCGTTCCGGAAGTATTTCATCTCGAGGCACTGGTTTGGTAGTGGAACATAAACGGGAGGATCTCCAATCGAAAATATAGCTGGCGTTGCAACGTCGCTGGAAAACAAATGCCGAGTGAC,99.0
et,TGGACCTCCTCAACACATAGAAAAGTTAAGGTCCGTAGAATGCGGAGATGGATTCGGCCCCGATTCGAGCAAATCTATTGACTAAAGTAGCCAATGGGCCATGAGCATGTTCTGCGGGGTGTCAAGCTGTGGCTGATCCTCGCGGTCCCAAATATCACGCCTTCCACCACACGGCTGTAAGCAAGTCCTGGTATCGTATCTGCTTCGCATGGGGGTATTGTAAGCCGGTTATTCCTTGCGGTTACGACCTGCGATATTTGACCCATGTTACTTGGAATCGATGTTAACGAGACACTTCATCATCGAAGTTTGAACACCCGGATATTCACTTCTTAGTTTTGCCCTCACAAATATAGGATCTAATATGAGACCCTCCCTTTGGCGAGAGGTCTGCTTTCTCCCTAGAACAGACACGATGGTTGCAGTGATAACGCGTCTTCGACCAGGGGCGTTTTTAATTGGGAACACGAGTGTGGACATAGTCGCTCTTTGTTGCGAGTCGTTCCGGAAGTATTTCATCTCGAGGCACTGGTTTGGTAGTGGAACATAAACGGGAGGATCTCCAATCGAAAATATAGCTGGCGTTGCAACGTCGCTGGAAAACAAATGCCGAGTGACTATATCGCGCAGCATCCGCCATGCATAAGACACTAGTATGGGATACCAACCATGACAATCCCCGCATTGTGACGCCGGTTCATTTGACTAATTCTGCGTCATTGGGCAACAAGACGTATTCAATCTAGAAGGACGCGAAGTGAGCGGCCCTCCGTTTTACTCGTTGGAGTCAAAGAACATGCTTGCGGACCCCGTAGCGTGTGGACCTACAAGTGCGCGCTCCATGCACGGTGCTTGCGACTACATGGGGATGGGCGTAGCAACGCACACTTCATTATGACCGGGTTACGACTGCAGGCAGTATATATGTCTGTACTCCTTATTGCACCAAGAGAGTACCCGTATATCTTGCGCGTAGAATGTTGGTTACCCATAGAAATTCTACTCTCCCCGTAAAACAACGTAGGGCATCTTCAAGCCTTGTTAGCTTCAACTAAAGTGAGGCTGGTAGGATTTA,99.0
omnis,GGCCATGAGCATGTTCTGCGGGGTGTCAAGCTGTGGCTGATCCTCGCGGTCCCAAATATCACGCCTTCCACCACACGGCTGTAAGCAAGTCCTGGTATCGTATCTGCTTCGCATGGGGGTATTGTAAGCCGGTTATTCCTTGCGGTTACGACCTGCGATATTTGACCCATGTTACTTGGAATCGATGTTAACGAGACACTTCATCATCGAAGTTTGAACACCCGGATATTCACTTCTTAGTTTTGCCCTCACAAATATAGGATCTAATATGAGACCCTCCCTTTGGCGAGAGGTCTGCTTTCTCCCTAGAACAGACACGATGGTTGCAGTGATAACGCGTCTTCGACCAGGGGCGTTTTTAATTGGGAACACGAGTGTGGACATAGTCGCTCTTTGTTGCGAGTCGTTCCGGAAGTATTTCATCTCGAGGCACTGGTTTGGTAGTGGAACATAAACGGGAGGATCTCCAATCGAAAATATAGCTGGCGTTGCAACGTCGCTGGAAAACAAATGCCGAGTGACTATATCGCGCAGCATCCGCCATGCATAAGACACTAGTATGGGATACCAACCATGACAATCCCCGCATTGTGACGCCGGTTCATTTGACTAATTCTGCGTCATTGGGCAACAAGACGTATTCAATCTAGAAGGACGCGAAGTGAGCGGCCCTCCGTTTTACTCGTTGGAGTCAAAGAACATGCTTGCGGACCCCGTAGCGTGTGGACCTACAAGTGCGCGCTCCATGCACGGTGCTTGCGACTACATGGGGATGGGCGTAGCAACGCACACTTCATTATGACCGGGTTACGACTGCAGGC,99.0
impedit,TCATCGAAGTTTGAACACCCGGATATTCACTTCTTAGTTTTGCCCTCACAAATATAGGATCTAATATGAGACCCTCCCTTTGGCGAGAGGTCTGCTTTCTCCCTAGAACAGACACGATGGTTGCAGTGATAACGCGTCTTCGACCAGGGGCGTTTTTAATTGGGAACACGAGTGTGGACATAGTCGCTCTTTGTTGCGAGTCGTTCCGGAAGTATTTCATCTCGAGGCACTGGTTTGGTAGTGGAACATAAACGGGAGGATCTCCAATCGAAAATATAGCTGGCGTTGCAACGTCGCTGGAAAACAAATGCCGAGTGACTATATCGCGCAGCATCCGCCATGCATAAGACAC,99.0
fugit,ATATTCACTTCTTAGTTTTGCCCTCACAAATATAGGATCTAATATGAGACCCTCCCTTTGGCGAGAGGTCTGCTTTCTCCCTAGAACAGACACGATGGTTGCAGTGATAACGCGTCTTCGACCAGGGGCGTTTTTAATTGGGAACACGAGTGTGGACATAGTCGCTCTTTGTTGCGAGTCGTTCCGGAAGTATTTCATCTCGAGGCACTGGTTTGGTAGTGGAACATAAACGGGAGGATCTCCAATCGAAAATATAGCTGGCGTTGCAACGTCGCTGGAAAACAAATGCCGAGTGACTATATCGCGCAGCATCCGCCATGCATAAGACACTAGTATGGGATACCAACCATGACAATCCCCGCATTGTGACGCCGGTTCATTTGACTAATTCTGCGTCATTGGGCAACAAGACGTATTCAATCTAGAAGGACGCGAAGTGAGCGGCCCTCCGTTTTACTCGTTGGAGTCAAAGAACATGCTTGCGGACCCCGTAGCGTGTGGACCTACAAGTGCGCGCTCCATGCACGGTGCTTGCGACTACATGGGGATGGGCGTAGCAACGCACACTTCATTATGACCGGGTTACGACTGCAGGCAGTATATATGTCTGTACTCCTTATTGCACCAAGAGAGTACCCGTATATCTTGCGCGTAGAATGTTGGTTACCCATAGAAATTCTACTCTCCCCGTAAAACAACGTAGGGCATCT,99.0
non,GTGGCTGATCCTCGCGGTCCCAAATATCACGCCTTCCACCACACGGCTGTAAGCAAGTCCTGGTATCGTATCTGCTTCGCATGGGGGTATTGTAAGCCGGTTATTCCTTGCGGTTACGACCTGCGATATTTGACCCATGTTACTTGGAATCGATGTTAACGAGACACTTCATCATCGAAGTTTGAACACCCGGATATTCACTTCTTAGTTTTGCCCTCACAAATATAGGATCTAATATGAGACCCTCCCTTTGGCGAGAGGTCTGCTTTCTCCCTAGAACAGACACGATGGTTGCAGTGATAACGCGTCTTCGACCAGGGGCGTTTTTAATTGGGAACACGAGTGTGGACATAGTCGCTCTTTGTTGCGAGTCGTTCCGGAAGTATTTCATCTCGAGGCACTGGTTTGGTAGTGGAACATAAACGGGAGGATCTCCAATCGAAAATATAGCTGGCGTTGCAACGTCGCTGGAAAACAAATGCCGAGTGACTATATCGCGCAGCATCCGCC,99.0
omnis,TATATCCGCGTCACTAACGTGCGGGGTAAGGGGGGCATACGTCTTAGGTTGAGTACTCCGCCACTACTATAGAAGTTCGCTGTACCATGCTGAGCGGGGAGGCGTGAGGCTCAAAGTAGTTCCGTAGAGAGTTATGCTGGACCTCCTCAACACATAGAAAAGTTAAGGTCCGTAGAATGCGGAGATGGATTCGGCCCCGATTCGAGCAAATCTATTGACTAAAGTAGCCAATGGGCCATGAGCATGTTCTGCGGGGTGTCAAGCTGTGGCTGATCCTCGCGGTCCCAAATATCACGCCTTCCACCACACGGCTGTAAGCAAGTCCTGGTATCGTATCTGCTTCGCATGGGGGTATTGTAAGCCGGTTATTCCTTGCGGTTACGACCTGCGATATTTGACCCATGTTACTTGGAATCGATGTTAACGAGACACTTCATCATCGAAGTTTGAACACCCGGATATTCACTTCTTAGTTTTGCCCTCACAAATATAGGATCTAATATGAGACCCTCCCTTTGGCGAGAGGTCTGCTTTCTCCCTAGAACAGACACGATGGTTGCAGTGATAACGCGTCTTCGACCAGGGGCGTTTTTAATTGGGAACACGAGTGTGGACATAGTCGCTCTTTGTTGCGAGTCGTTCCGGAAGTATTTCATCTCGAGGCACTGGTTTGGTAGTGGAACATAAACGGGAGGATCTCCAATCGAAAATATAGCTGGCGTTGCAACGTCGCTGGAAAACAAATGCCGAGTGACTATATCGCGCAGCATCCGCCATGCATAAGACACTAGTATGGGATACCAACCATGACAATCCCCGCATTGTGACGCCGGTTCATTTGACTAATTCTGCGTCATTGGGCAACAAGACGTATTCAATCTAGAAGGACGCGAAGTGAGCGGCCCTCCGTTTTACTCGTTGGAGTCAAAGAACATGCTTGCGGACCCCGTAGCGTGTGGACCTACAAGTGCGCGCTCCATGCACGGTGCTTGCGACTACATGGGGATGGGCGTAGCAACGCACACTTCATTATGACCGGGTTACGACTGCAGGCAGTATATATGTCTGTACTCCTTATTGCACCAAGAGAGTACCCGTATATCTTGCGCGTAGAATGTTGGTTACCCATAGAAATTCTACTCTCCCCGTAAAACAACGTAGGGCATCTTCAAGCCTTGTTAGCTTCAACTAAAGTGAGGCTGGTAGGAT,99.0
maxime,TCACTAACGTGCGGGGTAAGGGGGGCATACGTCTTAGGTTGAGTACTCCGCCACTACTATAGAAGTTCGCTGTACCATGCTGAGCGGGGAGGCGTGAGGCTCAAAGTAGTTCCGTAGAGAGTTATGCTGGACCTCCTCAACACATAGAAAAGTTAAGGTCCGTAGAATGCGGAGATGGATTCGGCCCCGATTCGAGCAAATCTATTGACTAAAGTAGCCAATGGGCCATGAGCATGTTCTGCGGGGTGTCAAGCTGTGGCTGATCCTCGCGGTCCCAAATATCACGCCTTCCACCACACGGCTGTAAGCAAGTCCTGGTATCGTATCTGCTTCGCATGGGGGTATTGTAAGCCGGTTATTCCTTGCGGTTACGACCTGCGATATTTGACCCATGTTACTTGGAATCGATGTTAACGAGACACTTCATCATCGAAGTTTGAACACCCGGATATTCACTTCTTAGTTTTGCCCTCACAAATATAGGATCTAATATGAGACCCTCCCTTTGGCGAGAGGTCTGCTTTCTCCCTAGAACAGACACGATGGTTGCAGTGATAACGCGTCTTCGACCAGGGGCGTTTTTAATTGGGAACACGAGTGTGGACATAGTCGCTCTTTGTTGCGAGTCGTTCCGGAAGTATTTCATCTCGAGGCACTGGTTTGGTAGTGGAACATAAACGGGAGGATCTCCAATCGAAAATATAGCTGGCGTTGCAACGTCGCTGGAAAACAAATGCCGAGTGACTATATCGCGCAGCATCCGCCATGCATAAGACACTAGTATGGGATACCAACCATGACAATCCCCGCATTGTGACGCCGGTTCATTTGACTAATTCTGCGTCATTGGGCAA,99.0
sequi,GTTATTCCTTGCGGTTACGACCTGCGATATTTGACCCATGTTACTTGGAATCGATGTTAACGAGACACTTCATCATCGAAGTTTGAACACCCGGATATTCACTTCTTAGTTTTGCCCTCACAAATATAGGATCTAATATGAGACCCTCCCTTTGGCGAGAGGTCTGCTTTCTCCCTAGAACAGACACGATGGTTGCAGTGATAACGCGTCTTCGACCAGGGGCGTTTTTAATTGGGAACACGAGTGTGGACATAGTCGCTCTTTGTTGCGAGTCGTTCCGGAAGTATTTCATCTCGAGGCACTGGTTTGGTAGTGGAACATAAACGGGAGGATCTCCAATCGAAAATATAGCTGGCGTTGCAACGTCGCTGGAAAACAAATGCCGAGTGACTATATCGCGCAGCATCCGCCATGCATAAGACACTAGTATGGGATACCAACCATGACAATCCCCGCATTGTGACGCCGGTTCATTTGACTAATTCTGCGTCATTGGGCAACAAGACGTATTCAATCTAGAAGGACGCGAAGTGAGCGGCCCTCCGTTTTACTCGTTGGAGTCAAAGAACATGCTTGCGGACCCCGTAGCGTGTGGACCTACAAGTGCGCGCTCCATGCACGGTGCTTGCGACTACATGGGGATGGGCGTAGCAACGCACACTTCATTATGACCGGGTTACGACTGCAGGC,99.0
aspernatur,AATGCGGAGATGGATTCGGCCCCGATTCGAGCAAATCTATTGACTAAAGTAGCCAATGGGCCATGAGCATGTTCTGCGGGGTGTCAAGCTGTGGCTGATCCTCGCGGTCCCAAATATCACGCCTTCCACCACACGGCTGTAAGCAAGTCCTGGTATCGTATCTGCTTCGCATGGGGGTATTGTAAGCCGGTTATTCCTTGCGGTTACGACCTGCGATATTTGACCCATGTTACTTGGAATCGATGTTAACGAGACACTTCATCATCGAAGTTTGAACACCCGGATATTCACTTCTTAGTTTTGCCCTCACAAATATAGGATCTAATATGAGACCCTCCCTTTGGCGAGAGGTCTGCTTTCTCCCTAGAACAGACACGATGGTTGCAGTGATAACGCGTCTTCGACCAGGGGCGTTTTTAATTGGGAACACGAGTGTGGACATAGTCGCTCTTTGTTGCGAGTCGTTCCGGAAGTATTTCATCTCGAGGCACTGGTTTGGTAGTGGAACATAAACGGGAGGATCTCCAATCGAAAATATAGCTGGCGTTGCAACGTCGCTGGAAAACAAATGCCGAGTGACTATATCGCGCAGCATCCGCCATGCATAAGACACTAGTATGGGATACCAACCATGACAATCCCCGCATTGTGACGCCGGTTCATTTGACTAATTCTGCGTCATTGGGCAACAAGACGTATTCAATCTAGAAGGACGCGAAGTGAGCGGCCCTCCGTTTTACTCGTTGGAGTCAAAGAACATGCTTGCGGACCCCGTAGCGTGTGGACCTACAAGTGCGCGCTCCATGCACGGTGCTTGCGACTACATGGGGATGGGCGTAGCAACGCACACTTCATTATGACCGGGTTACGACTGCAGGCAGTATATATGTCTGTACTCCTTATTGCACCAAGAGAGTACCCGTATATCTTGCGCGT,99.0
commodi,GAAAAGTTAAGGTCCGTAGAATGCGGAGATGGATTCGGCCCCGATTCGAGCAAATCTATTGACTAAAGTAGCCAATGGGCCATGAGCATGTTCTGCGGGGTGTCAAGCTGTGGCTGATCCTCGCGGTCCCAAATATCACGCCTTCCACCACACGGCTGTAAGCAAGTCCTGGTATCGTATCTGCTTCGCATGGGGGTATTGTAAGCCGGTTATTCCTTGCGGTTACGACCTGCGATATTTGACCCATGTTACTTGGAATCGATGTTAACGAGACACTTCATCATCGAAGTTTGAACACCCGGATATTCACTTCTTAGTTTTGCCCTCACAAATATAGGATCTAATATGAGACCCTCCCTTTGGCGAGAGGTCTGCTTTCTCCCTAGAACAGACACGATGGTTGCAGTGATAACGCGTCTTCGACCAGGGGCGTTTTTAATTGGGAACACGAGTGTGGACATAGTCGCTCTTTGTTGCGAGTCGTTCCGGAAGTATTTCATCTCGAGGCACTGGTTTGGTAGTGGAACATAAACGGGAGGATCTCCAATCGAAAATATAGCTGGCGTTGCAACGTCGCTGGAAAACAAATGCCGAGTGACTATATCGCGCAGCATCCGCCATGCATAAGACACTAGTATGGGATACCAACCATGACAATCCCCGCATTGTGACGCCGGTTCATTTGACTAATTCTGCGTCATTGGGCAACAAGACGTATTCAATCTAGAAGGACGCGAAGTGAGCGGCCCTCCGTTTTACTCGTTGGAGTCAAAGAACATGCTTGCGGACCCCGTAGCGTGTGGACCTACAAGTGCGCGCTCCATGCACGGTGCTTGCGACTACATGGGGATGGGCGTAGCAACGCACACTTCATTATGACCGG,99.0
blanditiis,AAGTCCTGGTATCGTATCTGCTTCGCATGGGGGTATTGTAAGCCGGTTATTCCTTGCGGTTACGACCTGCGATATTTGACCCATGTTACTTGGAATCGATGTTAACGAGACACTTCATCATCGAAGTTTGAACACCCGGATATTCACTTCTTAGTTTTGCCCTCACAAATATAGGATCTAATATGAGACCCTCCCTTTGGCGAGAGGTCTGCTTTCTCCCTAGAACAGACACGATGGTTGCAGTGATAACGCGTCTTCGACCAGGGGCGTTTTTAATTGGGAACACGAGTGTGGACATAGTCGCTCTTTGTTGCGAGTCGTTCCGGAAGTATTTCATCTCGAGGCACTGGTTTGGTAGTGGAACATAAACGGGAGGATCTCCAATCGAAAATATAGCTGGCGTTGCAACGTCGCTGGAAAACAAATGCCG,99.0
accusamus,GGTATCGTATCTGCTTCGCATGGGGGTATTGTAAGCCGGTTATTCCTTGCGGTTACGACCTGCGATATTTGACCCATGTTACTTGGAATCGATGTTAACGAGACACTTCATCATCGAAGTTTGAACACCCGGATATTCACTTCTTAGTTTTGCCCTCACAAATATAGGATCTAATATGAGACCCTCCCTTTGGCGAGAGGTCTGCTTTCTCCCTAGAACAGACACGATGGTTGCAGTGATAACGCGTCTTCGACCAGGGGCGTTTTTAATTGGGAACACGAGTGTGGACATAGTCGCTCTTTGTTGCGAGTCGTTCCGGAAGTATTTCATCTCGAGGCACTGGTTTGGTAGTGGAACATAAACGGGAGGATCTCCAATCGAAAATATAGCTGGCGTTGCAACGTCGCTGGAAAACAAATGCCGAGTGACTATATCGCGCAGCATCCGCCATGCATAAGACACTAGTATGGGATACCAACCATGACAATCCCCGCATTGTGACGCCGGTTCATTTGACTAATTCTGCGTCATTGGGCAACAAGACGTATTCAATCTAGAAGGACGCGAAGTGAGCGGCCCTCCGTTTTACTCGTTGGAGTCAAAGAACATGCTTGCGGACCCCGTAGCGTGTGGACCTACAAGTGCGCGCTCCATGCACGGTGCTTGCGACTACATGGGGATGGGCGTAGCAACGCACACTTCATTATGACCGGGTTACGACTGCAGGCAGTATATATGTCTGTACTCCTTATTGCACCAAGAGAGTACCCGTATATCTTGCGCGTAGAATGTTGGTTACCCATAGAAATTCTACTCTCCCCGTAAAACAACGTAGGGCATCTTCAAGCCTTGTTAGCTTCAACTAAAGTGAGGCTGGTAGGATTTAACAAGTTTCGCT,99.0
aut,TCTAATATGAGACCCTCCCTTTGGCGAGAGGTCTGCTTTCTCCCTAGAACAGACACGATGGTTGCAGTGATAACGCGTCTTCGACCAGGGGCGTTTTTAATTGGGAACACGAGTGTGGACATAGTCGCTCTTTGTTGCGAGTCGTTCCGGAAGTATTTCATCTCGAGGCACTGGTTTGGTAGTGGAACATAAACGGGAGGATCTCCAATCGAAAATATAGCTGGCGTTGCAACGTCGCTGGAAAACAAATGCCGAGTGACTATATCGCGCAGCATCCGCCATGCATAA,99.0
velit,GCCGCCGGAGCGCATCTATATATCCGCGTCACTAACGTGCGGGGTAAGGGGGGCATACGTCTTAGGTTGAGTACTCCGCCACTACTATAGAAGTTCGCTGTACCATGCTGAGCGGGGAGGCGTGAGGCTCAAAGTAGTTCCGTAGAGAGTTATGCTGGACCTCCTCAACACATAGAAAAGTTAAGGTCCGTAGAATGCGGAGATGGATTCGGCCCCGATTCGAGCAAATCTATTGACTAAAGTAGCCAATGGGCCATGAGCATGTTCTGCGGGGTGTCAAGCTGTGGCTGATCCTCGCGGTCCCAAATATCACGCCTTCCACCACACGGCTGTAAGCAAGTCCTGGTATCGTATCTGCTTCGCATGGGGGTATTGTAAGCCGGTTATTCCTTGCGGTTACGACCTGCGATATTTGACCCATGTTACTTGGAATCGATGTTAACGAGACACTTCATCATCGAAGTTTGAACACCCGGATATTCACTTCTTAGTTTTGCCCTCACAAATATAGGATCTAATATGAGACCCTCCCTTTGGCGAGAGGTCTGCTTTCTCCCTAGAACAGACACGATGGTTGCAGTGATAACGCGTCTTCGACCAGGGGCGTTTTTAATTGGGAACACGAGTGTGGACATAGTCGCTCTTTGTTGCGAGTCGTTCCGGAAGTATTTCATCTCGAGGCACTGGTTTGGTAGTGGAACATAAACGGGAGGATCTCCAATCGAAAATATAGCTGGCGTTGCAACGTCGCTGGAAAACAAATGCCGAGTGACTATATCGCGCAGCATCCGCCATGCATAAGACACTAGTATGGGATACCAACCATGACAATCCCCGCATTGTGACGCCGGTTCATTTGACTAATTCTGCGTCATTGGGCAACAAGACGTATTCAATCTAGAAGGACGCGAAGTGAGCGGCCCTCCGTTTTACTCGTTGGAGTCAAAGAACATGCTTGCGGACCCCGTAGCGTGTGGACCTACAAGTGCGCGCTCCATGCACGGTGCTTGCGACTACATGGGGATGGGCGTAGCAACGCACACTTCATTATGACCGGGTTACGACTGCAGGCAGTATATATGTCTGTACTCCTTATTGCACCAAGAGAGTACCCGTATATC,99.0
necessitatibus,CCATGCTGAGCGGGGAGGCGTGAGGCTCAAAGTAGTTCCGTAGAGAGTTATGCTGGACCTCCTCAACACATAGAAAAGTTAAGGTCCGTAGAATGCGGAGATGGATTCGGCCCCGATTCGAGCAAATCTATTGACTAAAGTAGCCAATGGGCCATGAGCATGTTCTGCGGGGTGTCAAGCTGTGGCTGATCCTCGCGGTCCCAAATATCACGCCTTCCACCACACGGCTGTAAGCAAGTCCTGGTATCGTATCTGCTTCGCATGGGGGTATTGTAAGCCGGTTATTCCTTGCGGTTACGACCTGCGATATTTGACCCATGTTACTTGGAATCGATGTTAACGAGACACTTCATCATCGAAGTTTGAACACCCGGATATTCACTTCTTAGTTTTGCCCTCACAAATATAGGATCTAATATGAGACCCTCCCTTTGGCGAGAGGTCTGCTTTCTCCCTAGAACAGACACGATGGTTGCAGTGATAACGCGTCTTCGACCAGGGGCGTTTTTAATTGGGAACACGAGTGTGGACATAGTCGCTCTTTGTTGCGAGTCGTTCCGGAAGTATTTCATCTCGAGGCACTGGTTTGGTAGTGGAACATAAACGGGAGGATCTCCAATCGAAAATATAGCTGGCGTTGCAACGTCGCTGGAAAACAAATGCCGAGTGACTATATCGCGCAGCATCCGCCATGCATAAGACACTAGTATG,99.0
quae,ATCGAAGTTTGAACACCCGGATATTCACTTCTTAGTTTTGCCCTCACAAATATAGGATCTAATATGAGACCCTCCCTTTGGCGAGAGGTCTGCTTTCTCCCTAGAACAGACACGATGGTTGCAGTGATAACGCGTCTTCGACCAGGGGCGTTTTTAATTGGGAACACGAGTGTGGACATAGTCGCTCTTTGTTGCGAGTCGTTCCGGAAGTATTTCATCTCGAGGCACTGGTTTGGTAGTGGAACATAAACGGGAGGATCTCCAATCGAAAATATAGCTGGCGTTGCAACGTCGCTGGAAAACAAATGCCGAGTGACTATATCGCGCAGCATCCGCCATGCATAAGACACTAGTATGGGATACCAACCATGACAATCCCCGCATTGTGACGCCGGTTCATTTGACTAATTCTGCGTCATTGGGCAACAAGACGTATTCAATCTAGAAGGACGCGAAGTGAGCGGCCCTCCGTTTTACTCGTTGGAGTCAAAGAACATGCTTGCGGACCCCGTAGCGTGTGGACCTACAAGTGCGCGCTCCATGCACGGTGCTTGCGACTACATGGGGATGGGCGTAGCAACGCACACTTCATTATGACCGG,99.0
maxime,CCGTAGAGAGTTATGCTGGACCTCCTCAACACATAGAAAAGTTAAGGTCCGTAGAATGCGGAGATGGATTCGGCCCCGATTCGAGCAAATCTATTGACTAAAGTAGCCAATGGGCCATGAGCATGTTCTGCGGGGTGTCAAGCTGTGGCTGATCCTCGCGGTCCCAAATATCACGCCTTCCACCACACGGCTGTAAGCAAGTCCTGGTATCGTATCTGCTTCGCATGGGGGTATTGTAAGCCGGTTATTCCTTGCGGTTACGACCTGCGATATTTGACCCATGTTACTTGGAATCGATGTTAACGAGACACTTCATCATCGAAGTTTGAACACCCGGATATTCACTTCTTAGTTTTGCCCTCACAAATATAGGATCTAATATGAGACCCTCCCTTTGGCGAGAGGTCTGCTTTCTCCCTAGAACAGACACGATGGTTGCAGTGATAACGCGTCTTCGACCAGGGGCGTTTTTAATTGGGAACACGAGTGTGGACATAGTCGCTCTTTGTTGCGAGTCGTTCCGGAAGTATTTCATCTCGAGGCACTGGTTTGGTAGTGGAACATAAACGGGAGGATCTCCAATCGAAAATATAGCTGGCGTTGCAACGTCGCTGGAAAACAAATGCCGAGTGACTATATCGCGCAGCATCCGCCATGCATAAGACACTAGTATGGGATACCAACCATGACAATCCCCGCATTGTGACGCCGGTTCATTTGACTAATTCTGCGTCATTGGGCAACAAGACGTATTCAATCTAGAAGGACGCGAAGTGAGCGGCCCTCCGTTTTACTCGTTGGAGTCAAAGAACATGCTTGCGGACCCCGTAGCGTGTGGACCTACAAGTGCGCGCTCCATGCACGGTGCTTGCGACTACATGGGGATGGGCGTAGCAACGCACACTTCATTATGACCGGGTTACGACTGCAGGCAGTATATATGTCTGTACTCCTTATTGCACCAAGAGAGTACCCGTATATCTTGCGCGTA,99.0
eligendi,ACACTTCATCATCGAAGTTTGAACACCCGGATATTCACTTCTTAGTTTTGCCCTCACAAATATAGGATCTAATATGAGACCCTCCCTTTGGCGAGAGGTCTGCTTTCTCCCTAGAACAGACACGATGGTTGCAGTGATAACGCGTCTTCGACCAGGGGCGTTTTTAATTGGGAACACGAGTGTGGACATAGTCGCTCTTTGTTGCGAGTCGTTCCGGAAGTATTTCATCTCGAGGCACTGGTTTGGTAGTGGAACATAAACGGGAGGATCTCC,99.0
delectus,TTCGCTGTACCATGCTGAGCGGGGAGGCGTGAGGCTCAAAGTAGTTCCGTAGAGAGTTATGCTGGACCTCCTCAACACATAGAAAAGTTAAGGTCCGTAGAATGCGGAGATGGATTCGGCCCCGATTCGAGCAAATCTATTGACTAAAGTAGCCAATGGGCCATGAGCATGTTCTGCGGGGTGTCAAGCTGTGGCTGATCCTCGCGGTCCCAAATATCACGCCTTCCACCACACGGCTGTAAGCAAGTCCTGGTATCGTATCTGCTTCGCATGGGGGTATTGTAAGCCGGTTATTCCTTGCGGTTACGACCTGCGATATTTGACCCATGTTACTTGGAATCGATGTTAACGAGACACTTCATCATCGAAGTTTGAACACCCGGATATTCACTTCTTAGTTTTGCCCTCACAAATATAGGATCTAATATGAGACCCTCCCTTTGGCGAGAGGTCTGCTTTCTCCCTAGAACAGACACGATGGTTGCAGTGATAACGCGTCTTCGACCAGGGGCGTTTTTAATTGGGAACACGAGTGTGGACATAGTCGCTCTTTGTTGCGAGTCGTTCCGGAAGTATTTCATCTCGAGGCACTGGTTTGGTAGTGGAACATAAACGGGAGGATCTCCAATCGAAAATATAGCTGGCGTTGCAACGTCGCTGGAAAACAAATGCCGAGTGACTATATCGCGCAGCATCCGCCATGCATAAGACACTAGTATGGGATACCAACCATGACAATCCCCGCATTGTGACGCCGGTTCATTTGACTAATTCTGCGTCATTGGGCAACAAGACGTATTCAATCTAGAAGGACGCGAAGTGAGCGGCCCTCCGTTTTACTCGTTGGAGTCAAAGAACATGCTTGCGGACCCCGTAGCGTGTGGACCTACAAGTGCGCGCTCCATGCACGGTGCTTGCGACTACATGGGGATGGGCGTAGCAACGCACACTTCATTATGACCGGGTTACGACTGCAGGCAGTATATATGTCTGTACTCCTTATTGCACCAAGAGAGTACCCGTATATCTTGCGCGTAGAATGTTGGTTACCCATAGAAATTCTACTCTCCCCGTAAAACAACGTAGGGCATCTTCAAGCCTTGTTAGCTTCAACTAAAGTGAGGCTGGTAGGATTTAACAAGTTTCGCTGAAATAGTCACGATGGGAGTCAAATGCGTGTCGTTGTGTCATACCGCCTAATCATGCCTCTTATAGCATAGACATGCTGTGTTACCCACGGATGAGAGTACGAAGATCATCGGGCTTACCGATGGTCCGGAAGGAAGGT,99.0
doloribus,CTGATCCTCGCGGTCCCAAATATCACGCCTTCCACCACACGGCTGTAAGCAAGTCCTGGTATCGTATCTGCTTCGCATGGGGGTATTGTAAGCCGGTTATTCCTTGCGGTTACGACCTGCGATATTTGACCCATGTTACTTGGAATCGATGTTAACGAGACACTTCATCATCGAAGTTTGAACACCCGGATATTCACTTCTTAGTTTTGCCCTCACAAATATAGGATCTAATATGAGACCCTCCCTTTGGCGAGAGGTCTGCTTTCTCCCTAGAACAGACACGATGGTTGCAGTGATAACGCGTCTTCGACCAGGGGCGTTTTTAATTGGGAACACGAGTGTGGACATAGTCGCTCTTTGTTGCGAGTCGTTCCGGAAGTATTTCATCTCGAGGCACTGGTTTGGTAGTGGAACATAAACGGGAGGATCTCCAATCGAAAATATAGCTGGCGTTGCAACGTCGCTGGAAAACAAATGCCGAGTGACTATATCGCGCAGCATCCGCCATGCATAAGACACTAGTATGGGATACCAACCATGACAATCCCCGCATTGTGACGCCGGTTCATTTGACTAATTCTGCGTCATTGGGCAACAAGACGTATTCAATCTAGAAGGACGCGAAGTGAGCGGCCCTCCGTTTTACTCGTTGGAGTCAAAGAACATGCTTGCGGACCCCGTAGCGTGTGGACCTACAAGTGCGCGCTCCATGCACGGTGCTTGCGACTACATGGGGATGGGCGTAGCAACGCACACTTCATTATGACCGGGTTACGACTGCAGGCAGTATATATGTCTGTACTCCTTATTGCACCAAGAGAGTACCCGTATATCTTGCGCGTAGAATGTTGGTTACCCATAGAAATTCTA,99.0
natus,ATGAGCATGTTCTGCGGGGTGTCAAGCTGTGGCTGATCCTCGCGGTCCCAAATATCACGCCTTCCACCACACGGCTGTAAGCAAGTCCTGGTATCGTATCTGCTTCGCATGGGGGTATTGTAAGCCGGTTATTCCTTGCGGTTACGACCTGCGATATTTGACCCATGTTACTTGGAATCGATGTTAACGAGACACTTCATCATCGAAGTTTGAACACCCGGATATTCACTTCTTAGTTTTGCCCTCACAAATATAGGATCTAATATGAGACCCTCCCTTTGGCGAGAGGTCTGCTTTCTCCCTAGAACAGACACGATGGTTGCAGTGATAACGCGTCTTCGACCAGGGGCGTTTTTAATTGGGAACACGAGTGTGGACATAGTCGCTCTTTGTTGCGAGTCGTTCCGGAAGTATTTCATCTCGAGGCACTGGTTTGGTAGTGGAACATAAACGGGAGGATCTCCAATCGAAAATATAGCTGGCGTTGCAACGTCGCTGGAAAACAAATGCCGAGTGACTATATCGCGCAGCATCCGCCATGCATAAGACACTAGTATGGGATACCAACCATGACAATCCCCGCATTGTGACGCCGGTTCATTTGACTAATTCTGCGTCATTGGGCAACAAGACGTATTCAATCTAGAAGGACGCGAAGTGAGCGGCCCTCCGTTTTACTCGTTGGAGTCAAAGAACATGCTTGCGGACCCCGTAGCGTGTGGACCTACAAGTGCGCGCTCCATGCACGGTGCTTGCGACTACATGGGGATGGGCGTAGCAACGCACACTTCATTATGACCGGGTTACGACTGCAGGCAGTATATATGTCTGTACTCCTTATTGCACCAAGAGAGTACCCGTATATCTTGCGCGTAGAATGTTGGTTACCCATAGAAATTCTACTCTCCCCGTAAAACAACGTAGGGCATCTTCAAGCCTTGTTAGCTTCAACTAAAGTGAGGCTGGTAGGATTTAACAAGTTTCGCTGAAATAGTCACGATGGGAGTCAAATGCGTGTCGTTGTGTCATACCGCCTAATCA,99.0
reprehenderit,ACCTCCTCAACACATAGAAAAGTTAAGGTCCGTAGAATGCGGAGATGGATTCGGCCCCGATTCGAGCAAATCTATTGACTAAAGTAGCCAATGGGCCATGAGCATGTTCTGCGGGGTGTCAAGCTGTGGCTGATCCTCGCGGTCCCAAATATCACGCCTTCCACCACACGGCTGTAAGCAAGTCCTGGTATCGTATCTGCTTCGCATGGGGGTATTGTAAGCCGGTTATTCCTTGCGGTTACGACCTGCGATATTTGACCCATGTTACTTGGAATCGATGTTAACGAGACACTTCATCATCGAAGTTTGAACACCCGGATATTCACTTCTTAGTTTTGCCCTCACAAATATAGGATCTAATATGAGACCCTCCCTTTGGCGAGAGGTCTGCTTTCTCCCTAGAACAGACACGATGGTTGCAGTGATAACGCGTCTTCGACCAGGGGCGTTTTTAATTGGGAACACGAGTGTGGACATAGTCGCTCTTTGTTGCGAGTCGTTCCGGAAGTATTTCATCTCGAGGCACTGGTTTGGTAGTGGAACATAAACGGGAGGATCTCCAATCGAAAATATAGCTGGCGTTGCAACGTCGCTGGAAAACAAATGCCGAGTGACTATATCGCGCAGCATCCGCCATGCATAAGACACTAGTATGGGATACCAACCATGACAATCCCCGCATTGTGACGCCGGTTCATTTGACTAATTCTGCGTCATTGGGCAACAAGACGTATTCAATCTAGAAGGACGCGAAGTGAGCGGCCCTCCGTTTTACTCGTTGGAGTCAAAGAACATGCTTGCGGACCCCGTAGCGTGTGGACCTACAAGTGCGCGCTCCATGCACGGTGCTTGCGACTACATGGGGATGGGCGTAGCAACGCACACTTCATTATGACCGGGTTACGACTGCAGGCAGTATATATGTCTGTACTCCTTATTGCACCAAGAGAGTACCCGTATATCTTGCGCGTAGAATGTTGGTTACCCATAGAAATTCTACTCTCCCCGTAAAACAACGTAGGGCATCTTCAAGCCTTGTTAGCTTCAACTAAAGTGAGGCTGGTAGGATTTAACAAGTTTCGCTGAAATAGTCACGATGGGAGTCAAATGCGTGTCGTTGTGTCATACCGCCTAATCATGCCTCTTATAGCATAGACATGCTGTGTTACCCACGGATGAGAGTACGAAGATCATCGGGCTTACCGATGGTCCGGAAGG,99.0
velit,GTAGAATGCGGAGATGGATTCGGCCCCGATTCGAGCAAATCTATTGACTAAAGTAGCCAATGGGCCATGAGCATGTTCTGCGGGGTGTCAAGCTGTGGCTGATCCTCGCGGTCCCAAATATCACGCCTTCCACCACACGGCTGTAAGCAAGTCCTGGTATCGTATCTGCTTCGCATGGGGGTATTGTAAGCCGGTTATTCCTTGCGGTTACGACCTGCGATATTTGACCCATGTTACTTGGAATCGATGTTAACGAGACACTTCATCATCGAAGTTTGAACACCCGGATATTCACTTCTTAGTTTTGCCCTCACAAATATAGGATCTAATATGAGACCCTCCCTTTGGCGAGAGGTCTGCTTTCTCCCTAGAACAGACACGATGGTTGCAGTGATAACGCGTCTTCGACCAGGGGCGTTTTTAATTGGGAACACGAGTGTGGACATAGTCGCTCTTTGTTGCGAGTCGTTCCGGAAGTATTTCATCTCGAGGCACTGGTTTGGTAGTGGAACATAAACGGGAGGATCTCCAATCGAAAATATAGCT,99.0
saepe,CGGTCCCAAATATCACGCCTTCCACCACACGGCTGTAAGCAAGTCCTGGTATCGTATCTGCTTCGCATGGGGGTATTGTAAGCCGGTTATTCCTTGCGGTTACGACCTGCGATATTTGACCCATGTTACTTGGAATCGATGTTAACGAGACACTTCATCATCGAAGTTTGAACACCCGGATATTCACTTCTTAGTTTTGCCCTCACAAATATAGGATCTAATATGAGACCCTCCCTTTGGCGAGAGGTCTGCTTTCTCCCTAGAACAGACACGATGGTTGCAGTGATAACGCGTCTTCGACCAGGGGCGTTTTTAATTGGGAACACGAGTGTGGACATAGTCGCTCTTTGTTGCGAGTCGTTCCGGAAGTATTTCATCTCGAGGCACTGGTTTGGTAGTGGAACATAAACGGGAGGATCTCCAATCGAAAATATAGCTGGCGTTGCAACGTCGCTGGAAAACAAATGCCGAGTGACTATATCGCGCAGC,99.0
reiciendis,GAGCATGTTCTGCGGGGTGTCAAGCTGTGGCTGATCCTCGCGGTCCCAAATATCACGCCTTCCACCACACGGCTGTAAGCAAGTCCTGGTATCGTATCTGCTTCGCATGGGGGTATTGTAAGCCGGTTATTCCTTGCGGTTACGACCTGCGATATTTGACCCATGTTACTTGGAATCGATGTTAACGAGACACTTCATCATCGAAGTTTGAACACCCGGATATTCACTTCTTAGTTTTGCCCTCACAAATATAGGATCTAATATGAGACCCTCCCTTTGGCGAGAGGTCTGCTTTCTCCCTAGAACAGACACGATGGTTGCAGTGATAACGCGTCTTCGACCAGGGGCGTTTTTAATTGGGAACACGAGTGTGGACATAGTCGCTCTTTGTTGCGAGTCGTTCCGGAAGTATTTCATCTCGAGGCACTGGTTTGGTAGTGGAACATAAACGGGAGGATCTCCAATCGAAAATATAGCTGGCGTTGCAACGTCGCTGGAAAACAAATGCCGAGTGACTATATCGCGCAGCATCCGCCATGCATAAGACACTAGTATGGGATACCAACCATGACAATCCCCGCATTGTGACGCCGGTTCATTTGACTAATTCTGCGTCATTGGGCAACAAGACGTATTCAATCTAGAAGGACGCGAAGTGAGCGGCCCTCCGTTTTACTCGTTGGAGTCAAAGAACATGCTTGCGGACCCCGTAGCGTGTGGACCTACAAGTGCGCGCTCCATGCACGGTGCTTGCGACTACATGGGGATGGGCGTAGCAACGCACACTTCATTATGACCGGGTTACGACTGCAGGCAGTATATATGTCTGTACTCCTTATTGCACCAAGAGAGTACCCGTATATCTTGCGCGTAGAATGTTGGTTACCCATAGAAATTCTACTCTCCCCGTAAAACAA,99.0
vel,CGATTCGAGCAAATCTATTGACTAAAGTAGCCAATGGGCCATGAGCATGTTCTGCGGGGTGTCAAGCTGTGGCTGATCCTCGCGGTCCCAAATATCACGCCTTCCACCACACGGCTGTAAGCAAGTCCTGGTATCGTATCTGCTTCGCATGGGGGTATTGTAAGCCGGTTATTCCTTGCGGTTACGACCTGCGATATTTGACCCATGTTACTTGGAATCGATGTTAACGAGACACTTCATCATCGAAGTTTGAACACCCGGATATTCACTTCTTAGTTTTGCCCTCACAAATATAGGATCTAATATGAGACCCTCCCTTTGGCGAGAGGTCTGCTTTCTCCCTAGAACAGACACGATGGTTGCAGTGATAACGCGTCTTCGACCAGGGGCGTTTTTAATTGGGAACACGAGTGTGGACATAGTCGCTCTTTGTTGCGAGTCGTTCCGGAAGTATTTCATCTCGAGGCACTGGTTTGGTAGTGGAACATAAACGGGAGGATCTCCAATCGAAAATATAGCTGGCGTTGCAACGTCGCTGGAAAACAAATGCCGAGTGACTATATCGCGCAGCATCCGCCATGCATAAGACACTAGTATGGGATACCAACCATGACAATCCCCGCATTGTGACGCCGGTTCATTTGACTAATTCTGCGTCATTGGGCAACAAGACGTATTCAATCTAGAAGGACGCGAAGTGAGCGGCCCTCCGTTTTACTCGTTGGAGTCAAAGAACATGCTTGCGGACCCCGTAGCGTGTGGACCTACAAGTGCGCGCTCCATGCACGGTGCTTGCGACTACATGGGGATGGGCGTAGCAACGCACACTTCATTATGACCGGGTTACGACTGCAGGCAGTATATATGTCTGTACTCCTTATTGCACCAAGAGAGTACCCGTATATCTTGCGCGTAGAATGTTGGTTACCCATAGAAATTCTACTCTCCCCGTAAAACAACGTAGGGCATCTTCAAGCCTTGTTAGCTTCAACTAAAGTGAGGCTGGTAGGATTTAACAAGTTTCGCTGAAATAGTCACGATGGGAGTCAAATGCGTGTC,99.0
porro,TCCCCAGGATCTAAGTTATTGGGTCCAAAGACACTGTTAAATTGGCCGCCGGAGCGCATCTATATATCCGCGTCACTAACGTGCGGGGTAAGGGGGGCATACGTCTTAGGTTGAGTACTCCGCCACTACTATAGAAGTTCGCTGTACCATGCTGAGCGGGGAGGCGTGAGGCTCAAAGTAGTTCCGTAGAGAGTTATGCTGGACCTCCTCAACACATAGAAAAGTTAAGGTCCGTAGAATGCGGAGATGGATTCGGCCCCGATTCGAGCAAATCTATTGACTAAAGTAGCCAATGGGCCATGAGCATGTTCTGCGGGGTGTCAAGCTGTGGCTGATCCTCGCGGTCCCAAATATCACGCCTTCCACCACACGGCTGTAAGCAAGTCCTGGTATCGTATCTGCTTCGCATGGGGGTATTGTAAGCCGGTTATTCCTTGCGGTTACGACCTGCGATATTTGACCCATGTTACTTGGAATCGATGTTAACGAGACACTTCATCATCGAAGTTTGAACACCCGGATATTCACTTCTTAGTTTTGCCCTCACAAATATAGGATCTAATATGAGACCCTCCCTTTGGCGAGAGGTCTGCTTTCTCCCTAGAACAGACACGATGGTTGCAGTGATAACGCGTCTTCGACCAGGGGCGTTTTTAATTGGGAACACGAGTGTGGACATAGTCGCTCTTTGTTGCGAGTCGTTCCGGAAGTATTTCATCTCGAGGCACTGGTTTGGTAGTGGAACATAAACGGGAGGATCTCCAATCGAAAATATAGCTGGCGTTGCAACGTCGCTGGAAAACAAATGCCGAGTGACTATATCGCGCAGCATCCGCCATGCATAAGACACTAGTATGGGATACCAACCATGACAATCCCCGCATTGTGACGCCGGTTCATTTGACTAATTCTGCGTCATTGGGCAACAAGACGTATTCAATCTAGAAGGACGCGAAGTGAGCGGCCCTCCGTTTTACTCGTTGGAGTCAAAGAACATGCTTGCGGACCCCGTAGCGTGTGGACCTACAAGTGCGCGCTCCATGCACGGTGCTTGCGACTACATGGGGATGGGCGTAGCAACGCACACTTCATTATGACCGGGTTACGACTGCAGGCAGTATATATGTCTGTACTCCTTATTGCACCAAGAGAGTACCCGTATATCTTGCGCGTAGAATGTTGGTTACCCATAGAAATTCTACTCTCCCCGTAAAACAACGTAGGGCATCTTCAAGCCTTGTTAGCTTCAACTAAAGTGAGGCTGGTAGGATTTAACAAGTTTCGC,99.0
debitis,ACATAGAAAAGTTAAGGTCCGTAGAATGCGGAGATGGATTCGGCCCCGATTCGAGCAAATCTATTGACTAAAGTAGCCAATGGGCCATGAGCATGTTCTGCGGGGTGTCAAGCTGTGGCTGATCCTCGCGGTCCCAAATATCACGCCTTCCACCACACGGCTGTAAGCAAGTCCTGGTATCGTATCTGCTTCGCATGGGGGTATTGTAAGCCGGTTATTCCTTGCGGTTACGACCTGCGATATTTGACCCATGTTACTTGGAATCGATGTTAACGAGACACTTCATCATCGAAGTTTGAACACCCGGATATTCACTTCTTAGTTTTGCCCTCACAAATATAGGATCTAATATGAGACCCTCCCTTTGGCGAGAGGTCTGCTTTCTCCCTAGAACAGACACGATGGTTGCAGTGATAACGCGTCTTCGACCAGGGGCGTTTTTAATTGGGAACACGAGTGTGGACATAGTCGCTCTTTGTTGCGAGTCGTTCCGGAAGTATTTCATCTCGAGGCACTGGTTTGGTAGTGGAACATAAACGGGAGGATCTCCAATCGAAAATATAGCTGGCGTTGCAACGTCGCTGGAAAACAAATGCCGAGTGACTATA,99.0
temporibus,CGGGGTAAGGGGGGCATACGTCTTAGGTTGAGTACTCCGCCACTACTATAGAAGTTCGCTGTACCATGCTGAGCGGGGAGGCGTGAGGCTCAAAGTAGTTCCGTAGAGAGTTATGCTGGACCTCCTCAACACATAGAAAAGTTAAGGTCCGTAGAATGCGGAGATGGATTCGGCCCCGATTCGAGCAAATCTATTGACTAAAGTAGCCAATGGGCCATGAGCATGTTCTGCGGGGTGTCAAGCTGTGGCTGATCCTCGCGGTCCCAAATATCACGCCTTCCACCACACGGCTGTAAGCAAGTCCTGGTATCGTATCTGCTTCGCATGGGGGTATTGTAAGCCGGTTATTCCTTGCGGTTACGACCTGCGATATTTGACCCATGTTACTTGGAATCGATGTTAACGAGACACTTCATCATCGAAGTTTGAACACCCGGATATTCACTTCTTAGTTTTGCCCTCACAAATATAGGATCTAATATGAGACCCTCCCTTTGGCGAGAGGTCTGCTTTCTCCCTAGAACAGACACGATGGTTGCAGTGATAACGCGTCTTCGACCAGGGGCGTTTTTAATTGGGAACACGAGTGTGGACATAGTCGCTCTTTGTTGCGAGTCGTTCCGGAAGTATTTCATCTCGAGGCACTGGTTTGGTAGTGGAACATAAACGGGAGGATCTCCAATCGAAAATATAGCTGGCGTTGCAACGTCGCTGGAAAACAAATGCCGAGTGACTATATCGCGCAGCATCCGCCATGCATAAGACACTAGTATGGGATACCAACCATGACAATCCCCGCATTGTGACGCCGGTTCATTTGACTAATTCTGCGTCATTGGGCAACAAGACGTATTCAATCTAGAAGGACGCGAAGTGAGCGGCCCTCCGTTTTACTCGTTGGAGTCAAAGAACATGCTTGCGGACCCCGTAGCGTGTGGACCTACAAGTGCGCGCTCCATGCACGGTGCTTGCGACTACATGGGGATGGGCGTAGCAACGCACACTTCATTATGACCGGGTTACGACTGCAGGCAGTATATATGTCTGTACTCCTTATTGCACCAAGAGAGTACCCGTATATCTTGCGCGTAGAATGTTGGTTACCCATAGAAATTCTACTCTCCCCGTAAAACAACGTAGGGCATCTTCAAGCCTTGTTAGCTTCAACTAAAGTGAGGCTGGTAGGA,99.0
ullam,TAGAGAGTTATGCTGGACCTCCTCAACACATAGAAAAGTTAAGGTCCGTAGAATGCGGAGATGGATTCGGCCCCGATTCGAGCAAATCTATTGACTAAAGTAGCCAATGGGCCATGAGCATGTTCTGCGGGGTGTCAAGCTGTGGCTGATCCTCGCGGTCCCAAATATCACGCCTTCCACCACACGGCTGTAAGCAAGTCCTGGTATCGTATCTGCTTCGCATGGGGGTATTGTAAGCCGGTTATTCCTTGCGGTTACGACCTGCGATATTTGACCCATGTTACTTGGAATCGATGTTAACGAGACACTTCATCATCGAAGTTTGAACACCCGGATATTCACTTCTTAGTTTTGCCCTCACAAATATAGGATCTAATATGAGACCCTCCCTTTGGCGAGAGGTCTGCTTTCTCCCTAGAACAGACACGATGGTTGCAGTGATAACGCGTCTTCGACCAGGGGCGTTTTTAATTGGGAACACGAGTGTGGACATAGTCGCTCTTTGTTGCGAGTCGTTCCGGAAGTATTTCATCTCGAGGCACTGGTTTGGTAGTGGAACATAAACGGGAGGATCTCCAATCGAAAATATAGCTGGCGTTGCAACGTCGCTGGAAAACAAATGCCGAGTGACTATATCGCGCAGCATCCGCCATGCATAAGACACTAGTATGGGATACCAACCATGACAATCCCCGCATTGTGACGCCGGTTCATTTGACTAATTCTGCGTCATTGGGCAACAAGACGTATTCAATCTAGAAGGACGCGAAGTGAGCGGCCCTCCGTTT,99.0
maxime,ACTGTTAAATTGGCCGCCGGAGCGCATCTATATATCCGCGTCACTAACGTGCGGGGTAAGGGGGGCATACGTCTTAGGTTGAGTACTCCGCCACTACTATAGAAGTTCGCTGTACCATGCTGAGCGGGGAGGCGTGAGGCTCAAAGTAGTTCCGTAGAGAGTTATGCTGGACCTCCTCAACACATAGAAAAGTTAAGGTCCGTAGAATGCGGAGATGGATTCGGCCCCGATTCGAGCAAATCTATTGACTAAAGTAGCCAATGGGCCATGAGCATGTTCTGCGGGGTGTCAAGCTGTGGCTGATCCTCGCGGTCCCAAATATCACGCCTTCCACCACACGGCTGTAAGCAAGTCCTGGTATCGTATCTGCTTCGCATGGGGGTATTGTAAGCCGGTTATTCCTTGCGGTTACGACCTGCGATATTTGACCCATGTTACTTGGAATCGATGTTAACGAGACACTTCATCATCGAAGTTTGAACACCCGGATATTCACTTCTTAGTTTTGCCCTCACAAATATAGGATCTAATATGAGACCCTCCCTTTGGCGAGAGGTCTGCTTTCTCCCTAGAACAGACACGATGGTTGCAGTGATAACGCGTCTTCGACCAGGGGCGTTTTTAATTGGGAACACGAGTGTGGACATAGTCGCTCTTTGTTGCGAGTCGTTCCGGAAGTATTTCATCTCGAGGCACTGGTTTGGTAGTGGAACATAAACGGGAGGATCTCCAATCGAAAATATAGCTGGCGTTGCAACGTCGCTGGAAAACAAATGCCGAGTGACTATATCGCGCAGCATCCGCCATGCATAAGACACTAGTATGGGATACCAACCATGACAATCCCCGCATTGTGACGCCGGTTCATTT,99.0
et,TCATCCGAGGCAGAACGGTCCCCACGGCGTTTAGCGTGTTGCCGGTTCCCCAGGATCTAAGTTATTGGGTCCAAAGACACTGTTAAATTGGCCGCCGGAGCGCATCTATATATCCGCGTCACTAACGTGCGGGGTAAGGGGGGCATACGTCTTAGGTTGAGTACTCCGCCACTACTATAGAAGTTCGCTGTACCATGCTGAGCGGGGAGGCGTGAGGCTCAAAGTAGTTCCGTAGAGAGTTATGCTGGACCTCCTCAACACATAGAAAAGTTAAGGTCCGTAGAATGCGGAGATGGATTCGGCCCCGATTCGAGCAAATCTATTGACTAAAGTAGCCAATGGGCCATGAGCATGTTCTGCGGGGTGTCAAGCTGTGGCTGATCCTCGCGGTCCCAAATATCACGCCTTCCACCACACGGCTGTAAGCAAGTCCTGGTATCGTATCTGCTTCGCATGGGGGTATTGTAAGCCGGTTATTCCTTGCGGTTACGACCTGCGATATTTGACCCATGTTACTTGGAATCGATGTTAACGAGACACTTCATCATCGAAGTTTGAACACCCGGATATTCACTTCTTAGTTTTGCCCTCACAAATATAGGATCTAATATGAGACCCTCCCTTTGGCGAGAGGTCTGCTTTCTCCCTAGAACAGACACGATGGTTGCAGTGATAACGCGTCTTCGACCAGGGGCGTTTTTAATTGGGAACACGAGTGTGGACATAGTCGCTCTTTGTTGCGAGTCGTTCCGGAAGTATTTCATCTCGAGGCACTGGTTTGGTAGTGGAACATAAACGGGAGGATCTCCAATCGAAAATATAGCTGGCGTTGCAACGTCGCTGGAAAACAAATGCCGAGTGACTATATCGCGCAGCATCCGCCATGCATAAGACACTAGTATGGGATACCAACCATGACAATCCCCGCATTGTGACGCCGGTTCATTTGACTAATTCTGCGTCATTGGGCAACAAGACGTATTCAATCTAGAAGGACGCGAAGTGAGCGGCCCTCCGTTTTACTCGTTGGAGTCAAAGAACATGCTTGCGGACCCCGTAGCGTGTGGACCTACAAGTGCGCGCTCCATGCACGGTGCTTGCGACTACATGGGGATGGGCGTAGCAACGCACACTTCATTATGACCGGGTTACGACTGCAGGCAGTATATATGTCTGTACTCCTTATTGCACCAAGAGAGTACCCGTATATCTTGCGCGTAGAATGTTGGTTACCCATAGAAATTCTACTCTCCCCGTAAAACAACGTAGGGCATCTTCAAGCCTTGTTAGCTTCAACTAAAG,99.0
ipsam,CAAAGACACTGTTAAATTGGCCGCCGGAGCGCATCTATATATCCGCGTCACTAACGTGCGGGGTAAGGGGGGCATACGTCTTAGGTTGAGTACTCCGCCACTACTATAGAAGTTCGCTGTACCATGCTGAGCGGGGAGGCGTGAGGCTCAAAGTAGTTCCGTAGAGAGTTATGCTGGACCTCCTCAACACATAGAAAAGTTAAGGTCCGTAGAATGCGGAGATGGATTCGGCCCCGATTCGAGCAAATCTATTGACTAAAGTAGCCAATGGGCCATGAGCATGTTCTGCGGGGTGTCAAGCTGTGGCTGATCCTCGCGGTCCCAAATATCACGCCTTCCACCACACGGCTGTAAGCAAGTCCTGGTATCGTATCTGCTTCGCATGGGGGTATTGTAAGCCGGTTATTCCTTGCGGTTACGACCTGCGATATTTGACCCATGTTACTTGGAATCGATGTTAACGAGACACTTCATCATCGAAGTTTGAACACCCGGATATTCACTTCTTAGTTTTGCCCTCACAAATATAGGATCTAATATGAGACCCTCCCTTTGGCGAGAGGTCTGCTTTCTCCCTAGAACAGACACGATGGTTGCAGTGATAACGCGTCTTCGACCAGGGGCGTTTTTAATTGGGAACACGAGTGTGGACATAGTCGCTCTTTGTTGCGAGTCGTTCCGGAAGTATTTCATCTCGAGGCACTGGTTTGGTAGTGGAACATAAACGGGAGGATCTCCAATCGAAAATATAGCTGGCGTTGCAACGTCGCTGGAAAACAAATGCCGAGTGACTATATCGCGCAGCATCCGCCATGCATAAGACACTAGTATGGGATACCAACCATGACAATCCCCGCATTGTGACGCCGGTTCATTTGACTAATTCTGCGTCATTGGGCAACAAGACGTATTCAATCTAGAAGGACGCGAAGTGAGCGGCCCTCCGTTTTACTCGTTGGAGTCAAAGAACATGCTTGCGGACCCCGTAGCGTGTGGACCTACAAGTGCGCGCTCCATGCACGGTGCTTGCGACTACATGGGGATGGGCGTAGCAACGCACACTTCATTATGACCGGGTTACGACTGCAGGCAGTATATATGTCTGTACTCCTTATTGCACCAAGAGAGTACCCGT,99.0
tempore,GATATTTGACCCATGTTACTTGGAATCGATGTTAACGAGACACTTCATCATCGAAGTTTGAACACCCGGATATTCACTTCTTAGTTTTGCCCTCACAAATATAGGATCTAATATGAGACCCTCCCTTTGGCGAGAGGTCTGCTTTCTCCCTAGAACAGACACGATGGTTGCAGTGATAACGCGTCTTCGACCAGGGGCGTTTTTAATTGGGAACACGAGTGTGGACATAGTCGCTCTTTGTTGCGAGTCGTTCCGGAAGTATTTCATCTCGAGGCACTGGTTTGGTAGTGGAACATAAACGGGAGGATCTCCAATCGAAAATATAGCTGGCGTTGCAACGTCGCTGGAAAACAAATGCCGAGTGACTATATCGCGCAGCATCCGCCATGCATAAGACACTAGTATGGGATACCAACCATGACAATCCCCGCATTGTGACGCCGGTTCATTT,99.0
facere,TCTATATATCCGCGTCACTAACGTGCGGGGTAAGGGGGGCATACGTCTTAGGTTGAGTACTCCGCCACTACTATAGAAGTTCGCTGTACCATGCTGAGCGGGGAGGCGTGAGGCTCAAAGTAGTTCCGTAGAGAGTTATGCTGGACCTCCTCAACACATAGAAAAGTTAAGGTCCGTAGAATGCGGAGATGGATTCGGCCCCGATTCGAGCAAATCTATTGACTAAAGTAGCCAATGGGCCATGAGCATGTTCTGCGGGGTGTCAAGCTGTGGCTGATCCTCGCGGTCCCAAATATCACGCCTTCCACCACACGGCTGTAAGCAAGTCCTGGTATCGTATCTGCTTCGCATGGGGGTATTGTAAGCCGGTTATTCCTTGCGGTTACGACCTGCGATATTTGACCCATGTTACTTGGAATCGATGTTAACGAGACACTTCATCATCGAAGTTTGAACACCCGGATATTCACTTCTTAGTTTTGCCCTCACAAATATAGGATCTAATATGAGACCCTCCCTTTGGCGAGAGGTCTGCTTTCTCCCTAGAACAGACACGATGGTTGCAGTGATAACGCGTCTTCGACCAGGGGCGTTTTTAATTGGGAACACGAGTGTGGACATAGTCGCTCTTTGTTGCGAGTCGTTCCGGAAGTATTTCATCTCGAGGCACTGGTTTGGTAGTGGAACATAAACGGGAGGATCTCCAATC,99.0
quisquam,TAAGGTCCGTAGAATGCGGAGATGGATTCGGCCCCGATTCGAGCAAATCTATTGACTAAAGTAGCCAATGGGCCATGAGCATGTTCTGCGGGGTGTCAAGCTGTGGCTGATCCTCGCGGTCCCAAATATCACGCCTTCCACCACACGGCTGTAAGCAAGTCCTGGTATCGTATCTGCTTCGCATGGGGGTATTGTAAGCCGGTTATTCCTTGCGGTTACGACCTGCGATATTTGACCCATGTTACTTGGAATCGATGTTAACGAGACACTTCATCATCGAAGTTTGAACACCCGGATATTCACTTCTTAGTTTTGCCCTCACAAATATAGGATCTAATATGAGACCCTCCCTTTGGCGAGAGGTCTGCTTTCTCCCTAGAACAGACACGATGGTTGCAGTGATAACGCGTCTTCGACCAGGGGCGTTTTTAATTGGGAACACGAGTGTGGACATAGTCGCTCTTTGTTGCGAGTCGTTCCGGAAGTATTTCATCTCGAGGCACTGGTTTGGTAGTGGAACATAAACGGGAGGATCTCCAATCGAAAATATAGCTGGCGTTGCAACGTCGCTGGAAAACAAATGCCGAGTGACTATATCGCGC,99.0
neque,CACTGTTAAATTGGCCGCCGGAGCGCATCTATATATCCGCGTCACTAACGTGCGGGGTAAGGGGGGCATACGTCTTAGGTTGAGTACTCCGCCACTACTATAGAAGTTCGCTGTACCATGCTGAGCGGGGAGGCGTGAGGCTCAAAGTAGTTCCGTAGAGAGTTATGCTGGACCTCCTCAACACATAGAAAAGTTAAGGTCCGTAGAATGCGGAGATGGATTCGGCCCCGATTCGAGCAAATCTATTGACTAAAGTAGCCAATGGGCCATGAGCATGTTCTGCGGGGTGTCAAGCTGTGGCTGATCCTCGCGGTCCCAAATATCACGCCTTCCACCACACGGCTGTAAGCAAGTCCTGGTATCGTATCTGCTTCGCATGGGGGTATTGTAAGCCGGTTATTCCTTGCGGTTACGACCTGCGATATTTGACCCATGTTACTTGGAATCGATGTTAACGAGACACTTCATCATCGAAGTTTGAACACCCGGATATTCACTTCTTAGTTTTGCCCTCACAAATATAGGATCTAATATGAGACCCTCCCTTTGGCGAGAGGTCTGCTTTCTCCCTAGAACAGACACGATGGTTGCAGTGATAACGCGTCTTCGACCAGGGGCGTTTTTAATTGGGAACACGAGTGTGGACATAGTCGCTCTTTGTTGCGAGTCGTTCCGGAAGTATTTCATCTCGAGGCACTGGTTTGGTAGTGGAACATAAACGGGAGGATCTCCAATCGAAAATATAGCTGGCGTTGCAACGTCGCTGGAAAACAAATGCCGAGTGACTATATCGCGCAGCATCCGCCATGCATAAGACACTAGTATGGGATACCAACCATGACAATCCCCGCATTGTGACGCCGGTTCATTTGACTAATTCTGCGTCATTGGGCAACAAGACGTATTCAATCTAGAAGGACGCGAAGTGAGCGGCCCTCCGTTTTACTCGTTGGAGT,99.0
nostrum,CGGTCCCCACGGCGTTTAGCGTGTTGCCGGTTCCCCAGGATCTAAGTTATTGGGTCCAAAGACACTGTTAAATTGGCCGCCGGAGCGCATCTATATATCCGCGTCACTAACGTGCGGGGTAAGGGGGGCATACGTCTTAGGTTGAGTACTCCGCCACTACTATAGAAGTTCGCTGTACCATGCTGAGCGGGGAGGCGTGAGGCTCAAAGTAGTTCCGTAGAGAGTTATGCTGGACCTCCTCAACACATAGAAAAGTTAAGGTCCGTAGAATGCGGAGATGGATTCGGCCCCGATTCGAGCAAATCTATTGACTAAAGTAGCCAATGGGCCATGAGCATGTTCTGCGGGGTGTCAAGCTGTGGCTGATCCTCGCGGTCCCAAATATCACGCCTTCCACCACACGGCTGTAAGCAAGTCCTGGTATCGTATCTGCTTCGCATGGGGGTATTGTAAGCCGGTTATTCCTTGCGGTTACGACCTGCGATATTTGACCCATGTTACTTGGAATCGATGTTAACGAGACACTTCATCATCGAAGTTTGAACACCCGGATATTCACTTCTTAGTTTTGCCCTCACAAATATAGGATCTAATATGAGACCCTCCCTTTGGCGAGAGGTCTGCTTTCTCCCTAGAACAGACACGATGGTTGCAGTGATAACGCGTCTTCGACCAGGGGCGTTTTTAATTGGGAACACGAGTGTGGACATAGTCGCTCTTTGTTGCGAGTCGTTCCGGAAGTATTTCATCTCGAGGCACTGGTTTGGTAGTGGAACATAAACGGGAGGATCTCCAATCGAAAATATAGCTGGCGTTGCAACGTCGCTGGAAAACAAATGCCGAGTGACTATATCGCGCAGCATCCGCCATGCATAAGACACTAGTATGGGATACCAACCATGACAATCCCCGCATTGTGACGCCGGTTCATTTGACTAATTCTGCGTCATTGGGCAACAAGACGTATTCAATCTAGAAGGAC,99.0
illo,TAGGTTGAGTACTCCGCCACTACTATAGAAGTTCGCTGTACCATGCTGAGCGGGGAGGCGTGAGGCTCAAAGTAGTTCCGTAGAGAGTTATGCTGGACCTCCTCAACACATAGAAAAGTTAAGGTCCGTAGAATGCGGAGATGGATTCGGCCCCGATTCGAGCAAATCTATTGACTAAAGTAGCCAATGGGCCATGAGCATGTTCTGCGGGGTGTCAAGCTGTGGCTGATCCTCGCGGTCCCAAATATCACGCCTTCCACCACACGGCTGTAAGCAAGTCCTGGTATCGTATCTGCTTCGCATGGGGGTATTGTAAGCCGGTTATTCCTTGCGGTTACGACCTGCGATATTTGACCCATGTTACTTGGAATCGATGTTAACGAGACACTTCATCATCGAAGTTTGAACACCCGGATATTCACTTCTTAGTTTTGCCCTCACAAATATAGGATCTAATATGAGACCCTCCCTTTGGCGAGAGGTCTGCTTTCTCCCTAGAACAGACACGATGGTTGCAGTGATAACGCGTCTTCGACCAGGGGCGTTTTTAATTGGGAACACGAGTGTGGACATAGTCGCTCTTTGTTGCGAGTCGTTCCGGAAGTATTTCATCTCGAGGCACTGGTTTGGTAGTGGAACATAAACGGGAGGATCTCCAATCGAAAATATAGCTGGCGTTGCAACGTCGCTGGAAAACAAATGCCGAGTGACTATATCGCGCAGCATCCGCCATGCATAAGACACTAGTATGGGATACCAACCATGACAATCCCCGCATTGTGACGCCGGTTCATTTGACTAATTCTGCGTCATTGGGCAACAAGACGTATTCAATCTAGAAGGACGCGAAGTGAGCGGCCCTCCGTTTTACTCGTTGGAGTCAAAGAACATGCTTGCGGACCCCGTAGCGTGTGGACCTACAAGTGCGCGCTCCATGCACGGTGCTTGCGACTACATGGGGATGGGCGTAGCAACGCACACTTCATTATGACCGGGTTACGACTGCAGGCAGTATATATGTCTGTACTCCTTATTGCACCAAGAGAGTACCCGTATATCTTGCGCGTAGAATGTTGGTTACCCATAGAAATTCTACTCTCCCCGTAAAACAACGTAGGGCATCTTCAAGCCTTGTTAGCTTCAACTAAAGTGAGGCTGGTAGGATTTAACAAGTTTCGCTG,99.0
ut,TTCGCTGTACCATGCTGAGCGGGGAGGCGTGAGGCTCAAAGTAGTTCCGTAGAGAGTTATGCTGGACCTCCTCAACACATAGAAAAGTTAAGGTCCGTAGAATGCGGAGATGGATTCGGCCCCGATTCGAGCAAATCTATTGACTAAAGTAGCCAATGGGCCATGAGCATGTTCTGCGGGGTGTCAAGCTGTGGCTGATCCTCGCGGTCCCAAATATCACGCCTTCCACCACACGGCTGTAAGCAAGTCCTGGTATCGTATCTGCTTCGCATGGGGGTATTGTAAGCCGGTTATTCCTTGCGGTTACGACCTGCGATATTTGACCCATGTTACTTGGAATCGATGTTAACGAGACACTTCATCATCGAAGTTTGAACACCCGGATATTCACTTCTTAGTTTTGCCCTCACAAATATAGGATCTAATATGAGACCCTCCCTTTGGCGAGAGGTCTGCTTTCTCCCTAGAACAGACACGATGGTTGCAGTGATAACGCGTCTTCGACCAGGGGCGTTTTTAATTGGGAACACGAGTGTGGACATAGTCGCTCTTTGTTGCGAGTCGTTCCGGAAGTATTTCATCTCGAGGCACTGGTTTGGTAGTGGAACATAAACGGGAGGATCTCCAATCGAAAATATAGCTGGCGTTGCAACGTCGCTGGAAAACAAATGCCGAGTGACTATATCGCGCAGCATCCGCCATGCATAAGACACTAGTATGGGATACCAACCATGACAATCCCCGCATTGTGACGCCGGTTCATTTGACTAATTCTGCGTCATTGGGCAACAAGACGTATTCAATCTAGAAGGACGCGAAGTGAGCGGCCCTCCGTTTTACTCGTTGGAGTCAAAGAACATGCTTGCGGACCCCGTAGCGTGTGGACCTACAAGTGCGCGCTCCATGCACGGTGCTTGCGACTACATGGGGATGGGCGTAGCAACGCACACTTCATTATGACCGGGTTACGACTGCAGGCAGTATATATGTCTGTACTCCTTATTGCACCAAGAGAGTACCCGTATATCTTGCGCGTAGAATGTTGGTTACCCATAGAA,99.0
perspiciatis,GGATCTAAGTTATTGGGTCCAAAGACACTGTTAAATTGGCCGCCGGAGCGCATCTATATATCCGCGTCACTAACGTGCGGGGTAAGGGGGGCATACGTCTTAGGTTGAGTACTCCGCCACTACTATAGAAGTTCGCTGTACCATGCTGAGCGGGGAGGCGTGAGGCTCAAAGTAGTTCCGTAGAGAGTTATGCTGGACCTCCTCAACACATAGAAAAGTTAAGGTCCGTAGAATGCGGAGATGGATTCGGCCCCGATTCGAGCAAATCTATTGACTAAAGTAGCCAATGGGCCATGAGCATGTTCTGCGGGGTGTCAAGCTGTGGCTGATCCTCGCGGTCCCAAATATCACGCCTTCCACCACACGGCTGTAAGCAAGTCCTGGTATCGTATCTGCTTCGCATGGGGGTATTGTAAGCCGGTTATTCCTTGCGGTTACGACCTGCGATATTTGACCCATGTTACTTGGAATCGATGTTAACGAGACACTTCATCATCGAAGTTTGAACACCCGGATATTCACTTCTTAGTTTTGCCCTCACAAATATAGGATCTAATATGAGACCCTCCCTTTGGCGAGAGGTCTGCTTTCTCCCTAGAACAGACACGATGGTTGCAGTGATAACGCGTCTTCGACCAGGGGCGTTTTTAATTGGGAACACGAGTGTGGACATAGTCGCTCTTTGTTGCGAGTCGTTCCGGAAGTATTTCATCTCGAGGCACTGGTTTGGTAGTGGAACATAAACGGGAGGATCTCCAATCGAAAATATAGCTGGCGTTGCAACGTCGCTGGAAAACAAATGCCGAGTGACTATATCGCGCAGCATCCGCCATGCATAAGACACTAGTATGGGATACCAACCATGACA,99.0
ea,CACTACTATAGAAGTTCGCTGTACCATGCTGAGCGGGGAGGCGTGAGGCTCAAAGTAGTTCCGTAGAGAGTTATGCTGGACCTCCTCAACACATAGAAAAGTTAAGGTCCGTAGAATGCGGAGATGGATTCGGCCCCGATTCGAGCAAATCTATTGACTAAAGTAGCCAATGGGCCATGAGCATGTTCTGCGGGGTGTCAAGCTGTGGCTGATCCTCGCGGTCCCAAATATCACGCCTTCCACCACACGGCTGTAAGCAAGTCCTGGTATCGTATCTGCTTCGCATGGGGGTATTGTAAGCCGGTTATTCCTTGCGGTTACGACCTGCGATATTTGACCCATGTTACTTGGAATCGATGTTAACGAGACACTTCATCATCGAAGTTTGAACACCCGGATATTCACTTCTTAGTTTTGCCCTCACAAATATAGGATCTAATATGAGACCCTCCCTTTGGCGAGAGGTCTGCTTTCTCCCTAGAACAGACACGATGGTTGCAGTGATAACGCGTCTTCGACCAGGGGCGTTTTTAATTGGGAACACGAGTGTGGACATAGTCGCTCTTTGTTGCGAGTCGTTCCGGAAGTATTTCATCTCGAGGCACTGGTTTGGTAGTGGAACATAAACGGGAGGATCTCCAATCGAAAATATAGCTGGCGTTGCAACGTCGCTGGAAAACAAATGCCGAGTGACTATATCGCGCAGCATCCGCCATGCATAAGACACTAGTATGGGATACCAACCATGACAATCCCCGCATTGTGACGCCGGTTCATTTGACTAATTCTGCGTCATTGGGCAACAAGACGTATTCAAT,99.0
officia,TCGGCCCCGATTCGAGCAAATCTATTGACTAAAGTAGCCAATGGGCCATGAGCATGTTCTGCGGGGTGTCAAGCTGTGGCTGATCCTCGCGGTCCCAAATATCACGCCTTCCACCACACGGCTGTAAGCAAGTCCTGGTATCGTATCTGCTTCGCATGGGGGTATTGTAAGCCGGTTATTCCTTGCGGTTACGACCTGCGATATTTGACCCATGTTACTTGGAATCGATGTTAACGAGACACTTCATCATCGAAGTTTGAACACCCGGATATTCACTTCTTAGTTTTGCCCTCACAAATATAGGATCTAATATGAGACCCTCCCTTTGGCGAGAGGTCTGCTTTCTCCCTAGAACAGACACGATGGTTGCAGTGATAACGCGTCTTCGACCAGGGGCGTTTTTAATTGGGAACACGAGTGTGGACATAGTCGCTCTTTGTTGCGAGTCGTTCCGGAAGTATTTCATCTCGAGGCACTGGTTTGGTAGTGGAACATAAACGGGAGGATCTCCAATCGAAAATATAGCTGGCGTTGCAACGTCGCTGGAAAACAAATGCCGAGTGACTATATCGCGCAGCATCCGCCATGCATAAGACACTAGTATGGGATACCAACCATGACAATCCCCGCATTGTGACGCCGGTTCATTTGACTAATTCTGCGTCATTGGGCAACAAGACGTATTCAATCTAGAAGGACGCGAAGTGAGCGGCCCTCCGTTTTACTCGTTGGAGTCAAAGAACATGCTTGCGGACCCCGTAGCGTGTGGACCTACAAGTGCGCGCTCCATGCACGGTGCTTGCGACTACATGGGGATGGGCGTAGCAACGCACACTTCATTATGACCGGGTTACGACTGCAGGCAGTATATATGTCTGTACTCCTTATTGCACCAAGAGAGTACCCGTATATCTTGCGCGTAGAATGTTGGTTACCCATAGAAATTCTACTCTCCCCGTAAAACAACGTAGGGCATCTTCAAGCCTTGTTAGCTTCAACTAAAGTGAGGCTGGTAGGATTTAACAAGTTTCGCTGAAATAGTCACGATGGGAGTCAAATGCGTGTCGTTGTGTCATA,99.0
quia,ACTTCATCATCGAAGTTTGAACACCCGGATATTCACTTCTTAGTTTTGCCCTCACAAATATAGGATCTAATATGAGACCCTCCCTTTGGCGAGAGGTCTGCTTTCTCCCTAGAACAGACACGATGGTTGCAGTGATAACGCGTCTTCGACCAGGGGCGTTTTTAATTGGGAACACGAGTGTGGACATAGTCGCTCTTTGTTGCGAGTCGTTCCGGAAGTATTTCATCTCGAGGCACTGGTTTGGTAGTGGAACATAAACGGGAGGATCTCCAATCGAAAATATAGCTGGCGTTGCAACGTCGCTGGAAAACAAATGCCGAGTGACTATATCGCGCAGCATCCGCCATGCATAAGACACTAGTATGGGATACCAACCATGACAATCCCCGCATTGTGACGCCGGTTCATTTGACTAATTCTGCGTCATTGGGCAACAAGACGTATTCAATCTAGAAGGACGCGAAGTGAGCGGCCCTCCGTTTTACTCGTTGGAGTCAAAGAACATGCTTGCGGACCCCGTAGCGTGT,99.0
ad,CTTGCGGTTACGACCTGCGATATTTGACCCATGTTACTTGGAATCGATGTTAACGAGACACTTCATCATCGAAGTTTGAACACCCGGATATTCACTTCTTAGTTTTGCCCTCACAAATATAGGATCTAATATGAGACCCTCCCTTTGGCGAGAGGTCTGCTTTCTCCCTAGAACAGACACGATGGTTGCAGTGATAACGCGTCTTCGACCAGGGGCGTTTTTAATTGGGAACACGAGTGTGGACATAGTCGCTCTTTGTTGCGAGTCGTTCCGGAAGTATTTCATCTCGAGGCACTGGTTTGGTAGTGGAACATAAACGGGAGGATCTCCAATCGAAAATATAGCTGGCGTTGCAACGTCGCTGGAAAACAAATGCCGAGTGACTATATCGCGCAGCATCCGCCATGCATAAGACACTAGTATGGGATACCAACCATGACAATCCCCGCATTGTGACGCCGGTTCATTTGACTAATTCTGCGTCATTGGGCAACAAGACGTATTCAATCTAGAAGGACGCGAAGTGAGCGGCCCTCCGTTTTACTCGTTGGAGTCAAAGAACATGCTTGCGGACCCCGTAGCGTGTGGACCTACAAGTGCGCGCTCCATGCACGGTGCTTGCGACTACATGGGGATGGGCGTAGCAACGCACAC,99.0
est,TCCTTGCGGTTACGACCTGCGATATTTGACCCATGTTACTTGGAATCGATGTTAACGAGACACTTCATCATCGAAGTTTGAACACCCGGATATTCACTTCTTAGTTTTGCCCTCACAAATATAGGATCTAATATGAGACCCTCCCTTTGGCGAGAGGTCTGCTTTCTCCCTAGAACAGACACGATGGTTGCAGTGATAACGCGTCTTCGACCAGGGGCGTTTTTAATTGGGAACACGAGTGTGGACATAGTCGCTCTTTGTTGCGAGTCGTTCCGGAAGTATTTCATCTCGAGGCACTGGTTTGGTAGTGGAACATAAACGGGAG,99.0
suscipit,GAGACACTTCATCATCGAAGTTTGAACACCCGGATATTCACTTCTTAGTTTTGCCCTCACAAATATAGGATCTAATATGAGACCCTCCCTTTGGCGAGAGGTCTGCTTTCTCCCTAGAACAGACACGATGGTTGCAGTGATAACGCGTCTTCGACCAGGGGCGTTTTTAATTGGGAACACGAGTGTGGACATAGTCGCTCTTTGTTGCGAGTCGTTCCGGAAGTATTTCATCTCGAGGCACTGGTTTGGTAGTGGAACATAAACGGGAGGATCTCCAATCGAAAATATAGCTGGCGTTGCAACGTCGCTGGAAAACAAATGCCGAGTGACTATATCGCGCAGCATCCGCCATGCATAAGACACTAGTATGGGATACCAACCATGACAATCCCCG,99.0
qui,GGCCCCGATTCGAGCAAATCTATTGACTAAAGTAGCCAATGGGCCATGAGCATGTTCTGCGGGGTGTCAAGCTGTGGCTGATCCTCGCGGTCCCAAATATCACGCCTTCCACCACACGGCTGTAAGCAAGTCCTGGTATCGTATCTGCTTCGCATGGGGGTATTGTAAGCCGGTTATTCCTTGCGGTTACGACCTGCGATATTTGACCCATGTTACTTGGAATCGATGTTAACGAGACACTTCATCATCGAAGTTTGAACACCCGGATATTCACTTCTTAGTTTTGCCCTCACAAATATAGGATCTAATATGAGACCCTCCCTTTGGCGAGAGGTCTGCTTTCTCCCTAGAACAGACACGATGGTTGCAGTGATAACGCGTCTTCGACCAGGGGCGTTTTTAATTGGGAACACGAGTGTGGACATAGTCGCTCTTTGTTGCGAGTCGTTCCGGAAGTATTTCATCTCGAGGCACTGGTTTGGTAGTGGAACATAAACGGGAGGATCTCCAATCGAAAATATAGCTGGCGTTGCAACGTCGCTGGAAAACAAATGCCGAGTGACTATATCGCGCAGCATCCGCCATGCATAAGACACTAGTATGGGATACCAACCATGACAATCCCCGCATTGTGACGCCGGTTCATTTGACTAATTCTGCGTCATTGGGCAACAAGACGTATTCAATCTAGAAGGACGCGAAGTGAGCGGCCCTCCGTTTTACTCGTTGGAGTCAAAGAACATGCTTGCGGACCCCGTAGCGTGTGGACCTACAAGTGCGCGCTCCATGCACGGTGCTTGCGACTACATGGGGATGGGCGTAGCAACGCACACTTCATTATGACCGGGTTACGACTGCAGGCAGTATATATGTCTGTACTCCTTATTGCACCAAGAGAGTACCCGTATATCTTGCGCGTAGAATGTTGGTTACCCATAGAAATTCTACTCTCCCCGTAAAACAACGTAGGGCATCTTCAAGCCTTGTTAGCTTCAACTAAAGTGAGGCTGGTAGGATTTAACAAGTTTCGCTGAAATAGTCACGATGGGAGTCAAATGCGTGTCGTTGTGTCATACCGCCTAATCATGCCTCTTATAGCATAGACAT,99.0
velit,GAGATGGATTCGGCCCCGATTCGAGCAAATCTATTGACTAAAGTAGCCAATGGGCCATGAGCATGTTCTGCGGGGTGTCAAGCTGTGGCTGATCCTCGCGGTCCCAAATATCACGCCTTCCACCACACGGCTGTAAGCAAGTCCTGGTATCGTATCTGCTTCGCATGGGGGTATTGTAAGCCGGTTATTCCTTGCGGTTACGACCTGCGATATTTGACCCATGTTACTTGGAATCGATGTTAACGAGACACTTCATCATCGAAGTTTGAACACCCGGATATTCACTTCTTAGTTTTGCCCTCACAAATATAGGATCTAATATGAGACCCTCCCTTTGGCGAGAGGTCTGCTTTCTCCCTAGAACAGACACGATGGTTGCAGTGATAACGCGTCTTCGACCAGGGGCGTTTTTAATTGGGAACACGAGTGTGGACATAGTCGCTCTTTGTTGCGAGTCGTTCCGGAAGTATTTCATCTCGAGGCACTGGTTTGGTAGTGGAACATAAACGGGAGGATCTCCAATCGAAAATATAGCTGGCGTTGCAACGTCGCTGGAAAACAAATGCCGAGTGACTATATCGCGCAGCATCCGCCATGCATAAGACACTAGTATGGGATACCAACCATGACAATCCCCGCATTGTGACGCCGGTTCATTTGACTAATTCTGCGTCATTGGGCAACAAGACGTATTCAATCTAGAAGGACGCGAAGTGAGCGGCCCTCCGTTTTACTCGTTGGAGTCAAAGAACATGCTTGCGGACCCCGTAGCGTGTGGACCTACAAGTGCGCGCTCCATGCACGGTGCTTGCGACTACATGGGGATGGGCGTAGCAACGCACACTTCATTATGACCGGGTTACGACTGCAGGCAG,99.0
rem,CTAAGTTATTGGGTCCAAAGACACTGTTAAATTGGCCGCCGGAGCGCATCTATATATCCGCGTCACTAACGTGCGGGGTAAGGGGGGCATACGTCTTAGGTTGAGTACTCCGCCACTACTATAGAAGTTCGCTGTACCATGCTGAGCGGGGAGGCGTGAGGCTCAAAGTAGTTCCGTAGAGAGTTATGCTGGACCTCCTCAACACATAGAAAAGTTAAGGTCCGTAGAATGCGGAGATGGATTCGGCCCCGATTCGAGCAAATCTATTGACTAAAGTAGCCAATGGGCCATGAGCATGTTCTGCGGGGTGTCAAGCTGTGGCTGATCCTCGCGGTCCCAAATATCACGCCTTCCACCACACGGCTGTAAGCAAGTCCTGGTATCGTATCTGCTTCGCATGGGGGTATTGTAAGCCGGTTATTCCTTGCGGTTACGACCTGCGATATTTGACCCATGTTACTTGGAATCGATGTTAACGAGACACTTCATCATCGAAGTTTGAACACCCGGATATTCACTTCTTAGTTTTGCCCTCACAAATATAGGATCTAATATGAGACCCTCCCTTTGGCGAGAGGTCTGCTTTCTCCCTAGAACAGACACGATGGTTGCAGTGATAACGCGTCTTCGACCAGGGGCGTTTTTAATTGGGAACACGAGTGTGGACATAGTCGCTCTTTGTTGCGAGTCGTTCCGGAAGTATTTCATCTCGAGGCACTGGTTTGGTAGTGGAACATAAACGGGAGGATCTCCAATCGAAAATATAGCTGGCGTTGCAACGTCGCTGGAAAACAAATGCCGAGTGACTATATCGCGCAGCATCCGCCA,99.0
pariatur,TCATCCGAGGCAGAACGGTCCCCACGGCGTTTAGCGTGTTGCCGGTTCCCCAGGATCTAAGTTATTGGGTCCAAAGACACTGTTAAATTGGCCGCCGGAGCGCATCTATATATCCGCGTCACTAACGTGCGGGGTAAGGGGGGCATACGTCTTAGGTTGAGTACTCCGCCACTACTATAGAAGTTCGCTGTACCATGCTGAGCGGGGAGGCGTGAGGCTCAAAGTAGTTCCGTAGAGAGTTATGCTGGACCTCCTCAACACATAGAAAAGTTAAGGTCCGTAGAATGCGGAGATGGATTCGGCCCCGATTCGAGCAAATCTATTGACTAAAGTAGCCAATGGGCCATGAGCATGTTCTGCGGGGTGTCAAGCTGTGGCTGATCCTCGCGGTCCCAAATATCACGCCTTCCACCACACGGCTGTAAGCAAGTCCTGGTATCGTATCTGCTTCGCATGGGGGTATTGTAAGCCGGTTATTCCTTGCGGTTACGACCTGCGATATTTGACCCATGTTACTTGGAATCGATGTTAACGAGACACTTCATCATCGAAGTTTGAACACCCGGATATTCACTTCTTAGTTTTGCCCTCACAAATATAGGATCTAATATGAGACCCTCCCTTTGGCGAGAGGTCTGCTTTCTCCCTAGAACAGACACGATGGTTGCAGTGATAACGCGTCTTCGACCAGGGGCGTTTTTAATTGGGAACACGAGTGTGGACATAGTCGCTCTTTGTTGCGAGTCGTTCCGGAAGTATTTCATCTCGAGGCACTGGTTTGGTAGTGGAACATAAACGGGAGGATCTCCAATCGAAAATATAGCTGGCGTTGCAACGTCGCTGGAAAACAAATGCCGAGTGACTATATCGCGCAGCATCCGCCATGCATAAGACACTAGTATGGGATACCAACCATGACAATCCCCGCATTGTGACGCCGGTTCATTTGACTAATTCTGCGTCATTGGGCAACAAGACGTATTCAATCTAGAAGGACGCGAAGTGAGCGGCCCTCCGTTTTACTCGTTGGAGTCAAAGAACATGCTTGCGGACCCCGTAGCGTGTGGACCTACAAGTGCGCGCTCCATGCACGGTGCTTGCGACTACATGGGGATGGGCGTAGCAACGCACACTTCATTATGACCGGGTTACGACTGCAGGCAGTATATATGTCTGTACTCCTTATTGCACCAAGAGAGTACCCGTATATCTTGCGCGTAGAATGTTGGTTACCCATAGAAATTCTACTCTCCCCGTAAAACAACGTAGGGCATCTTCAAGCCTTGTTAGCTTCAACTAAAGTGAGGCTGGTAGGATTTAACAAGTTTCGCTGAAATAGTCACGATGGGAGTCAAATGCGTGTCGTTGTGTCATACCGCCTAATCATGCCTCTTATAGCAT,99.0
distinctio,TGCGGGGTGTCAAGCTGTGGCTGATCCTCGCGGTCCCAAATATCACGCCTTCCACCACACGGCTGTAAGCAAGTCCTGGTATCGTATCTGCTTCGCATGGGGGTATTGTAAGCCGGTTATTCCTTGCGGTTACGACCTGCGATATTTGACCCATGTTACTTGGAATCGATGTTAACGAGACACTTCATCATCGAAGTTTGAACACCCGGATATTCACTTCTTAGTTTTGCCCTCACAAATATAGGATCTAATATGAGACCCTCCCTTTGGCGAGAGGTCTGCTTTCTCCCTAGAACAGACACGATGGTTGCAGTGATAACGCGTCTTCGACCAGGGGCGTTTTTAATTGGGAACACGAGTGTGGACATAGTCGCTCTTTGTTGCGAGTCGTTCCGGAAGTATTTCATCTCGAGGCACTGGTTTGGTAGTGGAACATAAACGGGAGGATCTCCAATCGAAAATATAGCTGGCGTTGCAACGTCGCTGGAAAACAAATGCCGAGTGACTATATCGCGCAGCATCCGCCATGCATAAGACACTAGTATGGGATACCAACCATGACAATCCCCGCATTGTGACGCCGGTTCATTTGACTAATTCTGCGTCATTGGGCAACAAGACGTATTCAATCTAGAAGGACGCGAAGTGAGCGGCCCTCCGTTTTACTCGTTGGAGTCAAAGAACATGCTTGCGGACCCCGTAGCGTGTGGACCTACAAGTGCGCGCTCCATGCACGGTGCTTGCGACTACATGGGGATGGGCGTAGCAACGCACACTTCATTATGACCGGGTTACGACTGCAGGCAGTATATATGTCTGTACTCCTTATTGCACCAAGAGAGTACCCGTATATCTTGCGCGTAGAATGTTGGTTACCCATAGAAATTCTACTCTCCCCGTAAAACAACGTAGGGCATCTTCAAGCCTTGTTA,99.0
corrupti,GCCGGTTCCCCAGGATCTAAGTTATTGGGTCCAAAGACACTGTTAAATTGGCCGCCGGAGCGCATCTATATATCCGCGTCACTAACGTGCGGGGTAAGGGGGGCATACGTCTTAGGTTGAGTACTCCGCCACTACTATAGAAGTTCGCTGTACCATGCTGAGCGGGGAGGCGTGAGGCTCAAAGTAGTTCCGTAGAGAGTTATGCTGGACCTCCTCAACACATAGAAAAGTTAAGGTCCGTAGAATGCGGAGATGGATTCGGCCCCGATTCGAGCAAATCTATTGACTAAAGTAGCCAATGGGCCATGAGCATGTTCTGCGGGGTGTCAAGCTGTGGCTGATCCTCGCGGTCCCAAATATCACGCCTTCCACCACACGGCTGTAAGCAAGTCCTGGTATCGTATCTGCTTCGCATGGGGGTATTGTAAGCCGGTTATTCCTTGCGGTTACGACCTGCGATATTTGACCCATGTTACTTGGAATCGATGTTAACGAGACACTTCATCATCGAAGTTTGAACACCCGGATATTCACTTCTTAGTTTTGCCCTCACAAATATAGGATCTAATATGAGACCCTCCCTTTGGCGAGAGGTCTGCTTTCTCCCTAGAACAGACACGATGGTTGCAGTGATAACGCGTCTTCGACCAGGGGCGTTTTTAATTGGGAACACGAGTGTGGACATAGTCGCTCTTTGTTGCGAGTCGTTCCGGAAGTATTTCATCTCGAGGCACTGGTTTGGTAGTGGAACATAAACGGGAGGATCTCCAATCGAAAATATAGCTGGCGTTGCAACGTCGCTGGAAAACAA,99.0
non,GGTCTGCTTTCTCCCTAGAACAGACACGATGGTTGCAGTGATAACGCGTCTTCGACCAGGGGCGTTTTTAATTGGGAACACGAGTGTGGACATAGTCGCTCTTTGTTGCGAGTCGTTCCGGAAGTATTTCATCTCGAGGCACTGGTTTGGTAGTGGAACATAAACGGGAGGATCTCCAATCGAAAATATAGCTGGCGTTGCAACGTCGCTGGAAAACAAATGCCGAGTGACTATATCGCGCAGCATCCGCCATGCATAAGACACTAGTATGGGATACCAACCATGACAATCCCCGCATTGTGACGCCGGTTCATTTGACTAATTCTGCGTCATTGGGCAACAAGACG,99.0
unde,CGGAGATGGATTCGGCCCCGATTCGAGCAAATCTATTGACTAAAGTAGCCAATGGGCCATGAGCATGTTCTGCGGGGTGTCAAGCTGTGGCTGATCCTCGCGGTCCCAAATATCACGCCTTCCACCACACGGCTGTAAGCAAGTCCTGGTATCGTATCTGCTTCGCATGGGGGTATTGTAAGCCGGTTATTCCTTGCGGTTACGACCTGCGATATTTGACCCATGTTACTTGGAATCGATGTTAACGAGACACTTCATCATCGAAGTTTGAACACCCGGATATTCACTTCTTAGTTTTGCCCTCACAAATATAGGATCTAATATGAGACCCTCCCTTTGGCGAGAGGTCTGCTTTCTCCCTAGAACAGACACGATGGTTGCAGTGATAACGCGTCTTCGACCAGGGGCGTTTTTAATTGGGAACACGAGTGTGGACATAGTCGCTCTTTGTTGCGAGTCGTTCCGGAAGTATTTCATCTCGAGGCACTGGTTTGGTAGTGGAACATAAACGGGAGGATCTCCAATCGAAAATATAGCTGGCGTTGCAACGTCGCTGGAAAACAAATGCCGAGTGACTATATCGCGCAGCATCCGCCATGCATAAGACACTAGTATGGGATACCAACCATGACAATCCCCGCATTGTGACGCCGGTTCATTTGACTAATTCTGCGTCATTGGGCAACAAGACGTATTCAATCTAGAAGGACGCGAAGTGAGCGGCCCTCCGTTTTACTCGTTGGAGTCAAAGAACATGCTTGCGGACCCCGTAGCGTGTGGACCTACAAGTGCGCGCTCCATGCACGGTGCTTGCGACTACATGGGGATGGGCGTAGCAACGCACACTTCATTATGACCGGGTTACGACTGCAGGCAGTATATATGTCTGTACTCCTTATTGCACCAAGAGAGTACCCGTATATCTTGCGCGTAGAATGTTGGTTACCCATAGAAATTCTACTCTCCCCGTAAAACAACGTAGGGCATCTTCAAGCCTTGTTAGCTTCAACTAAAGTGAGGCTGGTAGGATTTAACAAGTTTCGCTGAAATAGTCACGATGGGAGTCAAATGCGTGTCGTTGTGTCATACCGCCTAATCATGCCTCTTATAGCATAGACATGCTGTGTTACCCACGGATGAGAGTACGAAGATCA,99.0
rem,ACCCGGATATTCACTTCTTAGTTTTGCCCTCACAAATATAGGATCTAATATGAGACCCTCCCTTTGGCGAGAGGTCTGCTTTCTCCCTAGAACAGACACGATGGTTGCAGTGATAACGCGTCTTCGACCAGGGGCGTTTTTAATTGGGAACACGAGTGTGGACATAGTCGCTCTTTGTTGCGAGTCGTTCCGGAAGTATTTCATCTCGAGGCACTGGTTTGGTAGTGGAACATAAACGGGAGGATCTCCAATCGAAAATATAGCTGGCGTTGCAACGTCGCTGGAAAACAAATGCCGAGTGACTATATCGCGCAGCATCCGCCATGCATAAGACACTAGTATGGGATACCAACCATGACAATCCCCGCATTGTGACGCCGGTTCATTTGACTAATTCTGCGTCATTGGGCAACAAGACGTATTCAATCTAGAAGGACGCGAAGTGAGCGGCCCTCCGTTTTACTCGTTGGAGTCAAAGAACATGCTTGCGGACCCCGTAGCGTGT,99.0
enim,CATCATCGAAGTTTGAACACCCGGATATTCACTTCTTAGTTTTGCCCTCACAAATATAGGATCTAATATGAGACCCTCCCTTTGGCGAGAGGTCTGCTTTCTCCCTAGAACAGACACGATGGTTGCAGTGATAACGCGTCTTCGACCAGGGGCGTTTTTAATTGGGAACACGAGTGTGGACATAGTCGCTCTTTGTTGCGAGTCGTTCCGGAAGTATTTCATCTCGAGGCACTGGTTTGGTAGTGGAACATAAACGGGAGGATCTCCAATCGAAAATATAGCTGGCGTTGCAACGTCGCTGGAAAACAAATGCCGAGTGACTATATCGCGCAGCATCCGCCATGCATAAGACACTAGTATGGGAT,99.0
ut,CAGACACGATGGTTGCAGTGATAACGCGTCTTCGACCAGGGGCGTTTTTAATTGGGAACACGAGTGTGGACATAGTCGCTCTTTGTTGCGAGTCGTTCCGGAAGTATTTCATCTCGAGGCACTGGTTTGGTAGTGGAACATAAACGGGAGGATCTCCAATCGAAAATATAGCTGGCGTTGCAACGTCGCTGGAAAACAAATGCCGAGTGACTATATCGCGCAGCATCCGCCATGCATAAGACACTAGTATGGGATACCAACCATGACAATCCCCGCATTGTGACGCCGGTTCATTTGACTAATTCTGCGTCATTGGGCAACAAGACGTATTCAATCTAGAAGGACGCGAAGTGAGCGGCCCTCCGTTTTACTCGTTGGAGTCAAAGAACATGCTTGCGGACCCCGTAGCGTGTGGACCTACAAGTGCGCGCTCCATGCACGGTGCTTGCGACTACATGGGGATGGGCGTAGCAACGCACACTTCATTATGACCGGGTTACGACTGCAGGCAGTATATATGTCTGTACTCCTTATTGCACCAAGAGAGTACCCGTATATCTTGCGCGTAGAATGTTGGTTACCCATAGAAATTCTACTCTCCCCGTAAAACAACGTAGGGCATCTTCAAGCCTTGTTAGCTTCAACTAAAGTGAGGCTGGTAGGATTTAACAAGTTTCGCTGAAATAGTCACGATGGGAGTCAAATGCGTGTCGTTGTGTCATACCGCCTAATCATGCCTCTTATAGCATAGACATGCTGTGTTACCCACGGATGAGAGTACGAAGATCATCGGGCTTACCGATGG,99.0
quisquam,TGTAAGCCGGTTATTCCTTGCGGTTACGACCTGCGATATTTGACCCATGTTACTTGGAATCGATGTTAACGAGACACTTCATCATCGAAGTTTGAACACCCGGATATTCACTTCTTAGTTTTGCCCTCACAAATATAGGATCTAATATGAGACCCTCCCTTTGGCGAGAGGTCTGCTTTCTCCCTAGAACAGACACGATGGTTGCAGTGATAACGCGTCTTCGACCAGGGGCGTTTTTAATTGGGAACACGAGTGTGGACATAGTCGCTCTTTGTTGCGAGTCGTTCCGGAAGTATTTCATCTCGAGGCACTGGTTTGGTAGTGGAACATAAACGGGAGGATCTCCAATCGAAAATATAGCTGGCGTTGCAACGTCGCTGGAAAACAAATGCCGAGTGACTATATCGCGCAGCATCCGCCATGCATAAGACACTAGTATGGGATACCAACCATGACAATCCCCGCATTGTGACGCCGGTTCATTTGACTAATTCTGCGTCATTGGGCAACAAGACGTATTCAATCTAGAAGGACGCGAAGTGAGCGGCCCTCCGTTTTACTCGTTGGAGTCAAAGAACATGCTTGCGGACCCCGTAGCGTGTGGACCTACAAGTGCGCGCTCCATGCACGGTGCTTGCGACTACATGGGGATGGGCGTAGCAACGCACACTTCATTATGACCGGGTTACGACTGCAGGCAGTATATATGTCTGTACTCCTTATTGCACCAAGAGAGTACCCGTATATCTTGCGCGTAGAATGTTGGTTACCCATAGAAATTCTACTCTCCCCGTAAAACAACGTAGGGCATCTTCAAGCCTTGTTAGCTTCAACTAAAGTGAGGCTGGTAGGATTTAACAAGTTTCGCTGAAATAGTCACGATGGGAGTCAAATGCGTGTCGTTGTG,99.0
voluptas,AAGCCGGTTATTCCTTGCGGTTACGACCTGCGATATTTGACCCATGTTACTTGGAATCGATGTTAACGAGACACTTCATCATCGAAGTTTGAACACCCGGATATTCACTTCTTAGTTTTGCCCTCACAAATATAGGATCTAATATGAGACCCTCCCTTTGGCGAGAGGTCTGCTTTCTCCCTAGAACAGACACGATGGTTGCAGTGATAACGCGTCTTCGACCAGGGGCGTTTTTAATTGGGAACACGAGTGTGGACATAGTCGCTCTTTGTTGCGAGTCGTTCCGGAAGTATTTCATCTCGAGGCACTGGTTTGGTAGTGGAACATAAACGGGAGGATCTCCAATCGAAAATATAGCTGGCGTTGCAACGTCGCTGGAAAACAAATGCCGAGTGACTATATCGCGCAGCATCCGCCATGCATAAGACACTAGTATGGGATACCAACCATGACAATCCCCGCATTGTGACGCCGGTTCATTTGACTAATTCTGCGTCATTGGGCAACAAGACGTATTCAATCTAGAAGGACGCGAAGTGAGCGGCCCTCCGTTTTACTCGTTGGAGTCAAAGAACATGCTTGCGGACCCCGTAGCGTGTGGACCTACAAGTGCGCGCTCCATGCACGGTGCTTGCGACTACATGGGGATGGGCGTAGCAACGCACACTTCATTATGACCGGGTTACGACTGCAGGCAGTATA,99.0
et,GATTCGAGCAAATCTATTGACTAAAGTAGCCAATGGGCCATGAGCATGTTCTGCGGGGTGTCAAGCTGTGGCTGATCCTCGCGGTCCCAAATATCACGCCTTCCACCACACGGCTGTAAGCAAGTCCTGGTATCGTATCTGCTTCGCATGGGGGTATTGTAAGCCGGTTATTCCTTGCGGTTACGACCTGCGATATTTGACCCATGTTACTTGGAATCGATGTTAACGAGACACTTCATCATCGAAGTTTGAACACCCGGATATTCACTTCTTAGTTTTGCCCTCACAAATATAGGATCTAATATGAGACCCTCCCTTTGGCGAGAGGTCTGCTTTCTCCCTAGAACAGACACGATGGTTGCAGTGATAACGCGTCTTCGACCAGGGGCGTTTTTAATTGGGAACACGAGTGTGGACATAGTCGCTCTTTGTTGCGAGTCGTTCCGGAAGTATTTCATCTCGAGGCACTGGTTTGGTAGTGGAACATAAACGGGAGGATCTCCAATCGAAAATATAGCTGGCGTTGCAACGTCGCTGGAAAACAAATGCCGAGTGACTATATCGCGCAGCATCCGCCATGCATAAGACACTAGTATGGGATACCAACCATGACAATCCCCGCATTGTGACGCCGGTTCATTTGACTAATTCTGCGTCATTGGGCAACAAGACGTATTCAATCTAGAAGGACGCGAAGTGAGCGGCCCTCCGTTTTACTCGTTGGAGTCAAAGAACATGCTTGCGGACCCCGTAGCGTGTGGACCTACAAGTGCGCGCTCCATGCACGGTGCTTGCGACTACATGGGGATGGGCGTAGCAACGCACACTTCATTATGACCGGGTTACGACTGCAGGCAGTATATATGTCTGTACTCCTTATTGCACCAAGAGAGTACCCGTATATCTTGCGCGTAGAATGTTGGTTACCCATAGAAATTCTACTCTCCCCGTAAAACAACGTAGGGCATCTTCAAGCCTTGTTAGCTTCAACTAAAGTGAGGCTGGTAGGATTTAACAAGTTTCGCTGAAATAGTCACGATGGGAGTCAAATGCGTGTCGTTGTG,99.0
tenetur,GGTCTATCATCCGAGGCAGAACGGTCCCCACGGCGTTTAGCGTGTTGCCGGTTCCCCAGGATCTAAGTTATTGGGTCCAAAGACACTGTTAAATTGGCCGCCGGAGCGCATCTATATATCCGCGTCACTAACGTGCGGGGTAAGGGGGGCATACGTCTTAGGTTGAGTACTCCGCCACTACTATAGAAGTTCGCTGTACCATGCTGAGCGGGGAGGCGTGAGGCTCAAAGTAGTTCCGTAGAGAGTTATGCTGGACCTCCTCAACACATAGAAAAGTTAAGGTCCGTAGAATGCGGAGATGGATTCGGCCCCGATTCGAGCAAATCTATTGACTAAAGTAGCCAATGGGCCATGAGCATGTTCTGCGGGGTGTCAAGCTGTGGCTGATCCTCGCGGTCCCAAATATCACGCCTTCCACCACACGGCTGTAAGCAAGTCCTGGTATCGTATCTGCTTCGCATGGGGGTATTGTAAGCCGGTTATTCCTTGCGGTTACGACCTGCGATATTTGACCCATGTTACTTGGAATCGATGTTAACGAGACACTTCATCATCGAAGTTTGAACACCCGGATATTCACTTCTTAGTTTTGCCCTCACAAATATAGGATCTAATATGAGACCCTCCCTTTGGCGAGAGGTCTGCTTTCTCCCTAGAACAGACACGATGGTTGCAGTGATAACGCGTCTTCGACCAGGGGCGTTTTTAATTGGGAACACGAGTGTGGACATAGTCGCTCTTTGTTGCGAGTCGTTCCGGAAGTATTTCATCTCGAGGCACTGGTTTGGTAGTGGAACATAAACGGGAGGATCTCCAATCGAAAATATAGCTGGCGTTGCAACGTCGCTGGAAAACAAATGCCGAGTGACTATATCGCGCAGCATCCGCCATGCATAAGACACTAGTATGGGATACCAACCATGACAATCCCCGCATTGTGACGCCGGTTCATTTGACTAATTCTGCGTCATTGGGCAACAAGACGTATTCAATCTAGAAGGACGCGAAGTGAGCGGCCCTCCGTTTTACTCGTTGGAGTCAAAGAACATGCTTGCGGACCCCGTAGCGTGTGGACCTACAAGTGCGCGCTCCATGCACGGTGCTTGCGACTACATGGGGATGGGCGTAGCAACGCACACTTCATTATGACCGGG,99.0
voluptas,GGCTCAAAGTAGTTCCGTAGAGAGTTATGCTGGACCTCCTCAACACATAGAAAAGTTAAGGTCCGTAGAATGCGGAGATGGATTCGGCCCCGATTCGAGCAAATCTATTGACTAAAGTAGCCAATGGGCCATGAGCATGTTCTGCGGGGTGTCAAGCTGTGGCTGATCCTCGCGGTCCCAAATATCACGCCTTCCACCACACGGCTGTAAGCAAGTCCTGGTATCGTATCTGCTTCGCATGGGGGTATTGTAAGCCGGTTATTCCTTGCGGTTACGACCTGCGATATTTGACCCATGTTACTTGGAATCGATGTTAACGAGACACTTCATCATCGAAGTTTGAACACCCGGATATTCACTTCTTAGTTTTGCCCTCACAAATATAGGATCTAATATGAGACCCTCCCTTTGGCGAGAGGTCTGCTTTCTCCCTAGAACAGACACGATGGTTGCAGTGATAACGCGTCTTCGACCAGGGGCGTTTTTAATTGGGAACACGAGTGTGGACATAGTCGCTCTTTGTTGCGAGTCGTTCCGGAAGTATTTCATCTCGAGGCACTGGTTTGGTAGTGGAACATAAACGGGAGGATCTCCAATCGAAAATATAGCTGGCGTTGCAACGTCGCTGGAAAACAAATGCCGAGTGACTATATCGCGCAGCATCCGCCATGCATAAGACACTAGTATGGGATACCAACCATGACAATCCCCGCATTGTGACGCCGGTTCATTTGACTAATTCTGCGTCATTGGGCAACAAGACGTATTCAATCTAGAAGGACGCGAAGTGAGCGGCCCTCCGTTTTACTCGTTGGAGTCAAAGAACATGCTTGCGGACCCCGTAGCGTGTGGACCTACAAGTGCGCGCTCCATGCACGGTGCTTGCGACTACATGGGGATGGGCGTAGCAACGCACACTTCATTATGACCGGGTTACGACTGCAGGCAGTATATATGTCTGTACTCCTTATTGCACCAAGAGAGTACCCGTATATCTTGCGCGTAGAATGTTGGTTACCCATAGAAATTCTACTCTCCCCGTAAAACAACGTAGGGCATCTTCAAGCCTTGTTAGCTTCAACTAAAGTGAGGCTGGTAGGATTTAACAAGTTTCGCTGAAATAGTCACGATGGGAGTCAAATGCGTGTCGTTGTGTCATACCGCCTAATCATGCCT,99.0
veritatis,GCAGTGATAACGCGTCTTCGACCAGGGGCGTTTTTAATTGGGAACACGAGTGTGGACATAGTCGCTCTTTGTTGCGAGTCGTTCCGGAAGTATTTCATCTCGAGGCACTGGTTTGGTAGTGGAACATAAACGGGAGGATCTCCAATCGAAAATATAGCTGGCGTTGCAACGTCGCTGGAAAACAAATGCCGAGTGACTATATCGCGCAGCATCCGCCATGCATAAGACACTAGTATGGGATACCAACCATGACAATCCCCGCATTGTGACGCCGGTTCATTTGACTAATTCTGCGTCATTGGGCAACAAGACGTATTCAATCTAGAAGGACGCGAAGTGAGCGGCCCTCCGTTTTACTCGTTGGAGTCAAAGAACATGCTTGCGGACCCCGTAGCGTGTGGACCTACAAGTGCGCGCTCCATGCACGGTGCTTGCGACTACATGGGGATGGGCGTAGCAACGCACACTTCATTATGACCGGGTTACGACTGCAGGCAGTATATATGTCTGTACTCCTTATTGCACCAAGAGAGTACCCGTATATCTTGCGCGTAGAATGTTGGTTACCCATAGAAATTC,99.0
quo,GGTTCCCCAGGATCTAAGTTATTGGGTCCAAAGACACTGTTAAATTGGCCGCCGGAGCGCATCTATATATCCGCGTCACTAACGTGCGGGGTAAGGGGGGCATACGTCTTAGGTTGAGTACTCCGCCACTACTATAGAAGTTCGCTGTACCATGCTGAGCGGGGAGGCGTGAGGCTCAAAGTAGTTCCGTAGAGAGTTATGCTGGACCTCCTCAACACATAGAAAAGTTAAGGTCCGTAGAATGCGGAGATGGATTCGGCCCCGATTCGAGCAAATCTATTGACTAAAGTAGCCAATGGGCCATGAGCATGTTCTGCGGGGTGTCAAGCTGTGGCTGATCCTCGCGGTCCCAAATATCACGCCTTCCACCACACGGCTGTAAGCAAGTCCTGGTATCGTATCTGCTTCGCATGGGGGTATTGTAAGCCGGTTATTCCTTGCGGTTACGACCTGCGATATTTGACCCATGTTACTTGGAATCGATGTTAACGAGACACTTCATCATCGAAGTTTGAACACCCGGATATTCACTTCTTAGTTTTGCCCTCACAAATATAGGATCTAATATGAGACCCTCCCTTTGGCGAGAGGTCTGCTTTCTCCCTAGAACAGACACGATGGTTGCAGTGATAACGCGTCTTCGACCAGGGGCGTTTTTAATTGGGAACACGAGTGTGGACATAGTCGCTCTTTGTTGCGAGTCGTTCCGGAAGTATTTCATCTCGAGGCACTGGTTTGGTAGTGGAACATAAACGGGAGGATCTCCAATCGAAAATATAGCTGGCGTTGCAACGTCGCTGGAAAACAAATGCCGAGTGACTATATCGCGCAGCATCCGCCATGCATAAGACACTAGTATG,99.0
neque,ATGGATTCGGCCCCGATTCGAGCAAATCTATTGACTAAAGTAGCCAATGGGCCATGAGCATGTTCTGCGGGGTGTCAAGCTGTGGCTGATCCTCGCGGTCCCAAATATCACGCCTTCCACCACACGGCTGTAAGCAAGTCCTGGTATCGTATCTGCTTCGCATGGGGGTATTGTAAGCCGGTTATTCCTTGCGGTTACGACCTGCGATATTTGACCCATGTTACTTGGAATCGATGTTAACGAGACACTTCATCATCGAAGTTTGAACACCCGGATATTCACTTCTTAGTTTTGCCCTCACAAATATAGGATCTAATATGAGACCCTCCCTTTGGCGAGAGGTCTGCTTTCTCCCTAGAACAGACACGATGGTTGCAGTGATAACGCGTCTTCGACCAGGGGCGTTTTTAATTGGGAACACGAGTGTGGACATAGTCGCTCTTTGTTGCGAGTCGTTCCGGAAGTATTTCATCTCGAGGCACTGGTTTGGTAGTGGAACATAAACGGGAGGATCTCCAATCGAAAATATAGCTGGCGTTGCAACGTCGCTGGAAAACAAATGCCGAGTGACTATATCGCGCAGCATCCGCCATGCATAAGACACTAGTATGGGATACCAACCATGACAATCCCCGCATTGTGACGCCGGTTCATTTGACTAATTCTGCGTCATTGGGCAACAAGACGTATTCAATCTAGAAGGACGCGAAGTGAGCGGCCCTCCGTTTTACTCGTTGGAGTCAAAGAACATGCTTGCGGACCCCGTAGCGTGTGGACCTACAAGTGCGCGCTCCATGCACGGTGCTTGCGACTACATGGGGATGGGCGTAGCAACGCACACTTCATTATGACCGGGTTACGACTGCAGGCAGTATATATGTCTGTACTCC,99.0
saepe,ATGTTAACGAGACACTTCATCATCGAAGTTTGAACACCCGGATATTCACTTCTTAGTTTTGCCCTCACAAATATAGGATCTAATATGAGACCCTCCCTTTGGCGAGAGGTCTGCTTTCTCCCTAGAACAGACACGATGGTTGCAGTGATAACGCGTCTTCGACCAGGGGCGTTTTTAATTGGGAACACGAGTGTGGACATAGTCGCTCTTTGTTGCGAGTCGTTCCGGAAGTATTTCATCTCGAGGCACTGGTTTGGTAGTGGAACATAAACGGGAGGATCTCCAATCGAAAATATAGCTGGCGTTGCAACGTCGCTGGAAAACAAATGCCGAGTGACTATATCGCGCAGCATCCGCCATGCATAAGACACTAGTATGGGATACCAACCATGACAATCCCCGCATTGTGACGCCGGTTCATTTGACTAATTCTGCGTCATTGGGCAACAAGACGTATTCAATCTAGAAGGACGCGAAGTGAGCGGCCCTCCGTTTTACTCGTTGGAGTCAAAGAACATGCTTGCGGACCCCGTAGCGTGTGGACCTACAAGTGCGCGCT,99.0
voluptatem,CCTGCGATATTTGACCCATGTTACTTGGAATCGATGTTAACGAGACACTTCATCATCGAAGTTTGAACACCCGGATATTCACTTCTTAGTTTTGCCCTCACAAATATAGGATCTAATATGAGACCCTCCCTTTGGCGAGAGGTCTGCTTTCTCCCTAGAACAGACACGATGGTTGCAGTGATAACGCGTCTTCGACCAGGGGCGTTTTTAATTGGGAACACGAGTGTGGACATAGTCGCTCTTTGTTGCGAGTCGTTCCGGAAGTATTTCATCTCGAGGCACTGGTTTGGTAGTGGAACATAAACGGGAGGATCTCCAATCGAAAATATAGCTGGCGTTGCAACGTCGCTGGAAAACAAATGCCGAGTGACTATATCGCGCAGCATCCGCCATGCATAAGACACTAGTATGGGATACCAACCATGACAATCCCCGCATTGTGACGCCGGTTCATTTGACTAATTCTGCGTCATTGGGCAACAAGACGTATTCAATCTAGAAGGACGCGAAGTGAGCGGCCCTCCGTTTTACTCGTTGGAGTCAAAGAACATGCTTGCGGACCCCGTAGCGTGTGGACCTACAAGTGCGCGCTCCATGCACGGTGCTTGCGACTACATGGGGATGGGCGTAGCAACGCACACTTCATTATGACCGGGTTACGACTGCAGGCAGTATATATGTCTGTACTCCTTATTGCACCAAGAGAGT,99.0
